N.rows,expr,time
10,stats::reshape-0,60862000
10,data.table::melt-4,4224640
10,utils::stack-4,25259200
10,data.table::melt-4,2167200
10,utils::stack-0,3094720
10,cdata::unpivot_to_blocks-0,43627120
10,stats::reshape-4,53480200
10,cdata::unpivot_to_blocks-0,26670520
10,nc::capture_melt_single-4,6229160
10,reshape2::melt-0,4445040
10,stats::reshape-4,66062400
10,stats::reshape-0,46578680
10,reshape2::melt-0,2904560
10,nc::capture_melt_single-0,3081520
10,tidyr::pivot_longer-4,78476640
10,tidyfast::dt_pivot_longer-4,14814120
10,reshape2::melt-0,2765320
10,nc::capture_melt_single-4,3624800
10,reshape2::melt-4,3416360
10,nc::capture_melt_single-0,3048560
10,data.table::melt-0,730080
10,utils::stack-4,9182440
10,cdata::unpivot_to_blocks-4,29356520
10,reshape2::melt-4,14464760
10,utils::stack-0,3018800
10,reshape2::melt-4,3183800
10,nc::capture_melt_single-4,3527000
10,cdata::unpivot_to_blocks-4,29680600
10,data.table::melt-4,2345640
10,tidyr::gather-4,17363200
10,tidyr::gather-4,6702400
10,reshape2::melt-4,3144920
10,nc::capture_melt_single-0,3183600
10,data.table::melt-4,2080200
10,stats::reshape-0,46650120
10,cdata::unpivot_to_blocks-4,29589320
10,stats::reshape-0,57605600
10,tidyfast::dt_pivot_longer-0,603640
10,cdata::unpivot_to_blocks-4,30002040
10,nc::capture_melt_single-0,3261720
10,tidyfast::dt_pivot_longer-0,572120
10,data.table::melt-0,597400
10,utils::stack-4,8727400
10,cdata::unpivot_to_blocks-4,29529920
10,tidyr::gather-0,6190320
10,cdata::unpivot_to_blocks-4,29660920
10,data.table::melt-0,687560
10,tidyr::gather-0,6440200
10,tidyr::pivot_longer-0,10413480
10,tidyr::pivot_longer-0,10160280
10,utils::stack-0,3035160
10,tidyfast::dt_pivot_longer-4,14132600
10,nc::capture_melt_single-0,3264360
10,utils::stack-4,8790240
10,nc::capture_melt_single-4,3539160
10,reshape2::melt-4,3263200
10,utils::stack-0,2938520
10,tidyr::gather-4,16050680
10,data.table::melt-0,683120
10,nc::capture_melt_single-4,3440440
10,data.table::melt-4,2021760
10,stats::reshape-0,47873400
10,tidyr::gather-4,6710000
10,tidyr::pivot_longer-4,10715280
10,tidyfast::dt_pivot_longer-4,14267720
10,utils::stack-4,9440600
10,tidyr::gather-4,6904440
10,cdata::unpivot_to_blocks-0,24212600
10,data.table::melt-4,2497960
10,reshape2::melt-0,2752280
10,reshape2::melt-0,2653880
10,data.table::melt-0,694360
10,reshape2::melt-4,3222960
10,tidyr::gather-4,7047680
10,nc::capture_melt_single-4,4514960
10,nc::capture_melt_single-4,3529920
10,tidyfast::dt_pivot_longer-0,584560
10,stats::reshape-0,57168720
10,tidyr::gather-0,6209400
10,utils::stack-4,8937160
10,nc::capture_melt_single-4,3977800
10,data.table::melt-4,2121440
10,nc::capture_melt_single-0,2828240
10,cdata::unpivot_to_blocks-0,24350920
10,utils::stack-0,3032200
10,utils::stack-0,3054920
10,tidyr::gather-0,6344800
10,tidyfast::dt_pivot_longer-0,656360
10,data.table::melt-0,690840
10,nc::capture_melt_single-0,3144640
10,reshape2::melt-0,2756400
10,tidyr::pivot_longer-0,10028880
10,cdata::unpivot_to_blocks-0,24141600
10,cdata::unpivot_to_blocks-4,30685400
10,tidyr::pivot_longer-0,10040600
10,reshape2::melt-0,2844880
10,utils::stack-0,2980960
10,tidyr::pivot_longer-4,20095800
10,stats::reshape-4,52503440
10,tidyr::pivot_longer-4,10814480
10,stats::reshape-4,53906560
10,tidyr::gather-0,6163200
10,utils::stack-4,9336800
10,tidyr::gather-4,6652160
10,stats::reshape-0,59757600
10,tidyfast::dt_pivot_longer-0,599680
10,tidyr::pivot_longer-4,10404920
10,nc::capture_melt_single-4,3724560
10,data.table::melt-4,2470280
10,tidyr::pivot_longer-4,10535840
10,data.table::melt-0,721720
10,tidyr::pivot_longer-0,9950080
10,cdata::unpivot_to_blocks-4,31051960
10,tidyfast::dt_pivot_longer-4,14330600
10,data.table::melt-4,2435120
10,tidyfast::dt_pivot_longer-0,562360
10,tidyr::pivot_longer-4,10885240
10,reshape2::melt-0,2732160
10,tidyr::gather-0,6354640
10,tidyr::gather-0,6358280
10,cdata::unpivot_to_blocks-0,24296880
10,tidyr::pivot_longer-0,10160120
10,cdata::unpivot_to_blocks-0,25470960
10,tidyfast::dt_pivot_longer-0,688760
10,tidyfast::dt_pivot_longer-4,23465680
10,reshape2::melt-0,2781640
10,tidyr::pivot_longer-0,10439440
10,utils::stack-0,2899680
10,utils::stack-0,2798840
10,tidyr::pivot_longer-4,10696960
10,cdata::unpivot_to_blocks-4,29659920
10,stats::reshape-4,52368160
10,data.table::melt-4,2193960
10,stats::reshape-4,54467160
10,cdata::unpivot_to_blocks-0,33691800
10,tidyfast::dt_pivot_longer-4,14087400
10,tidyr::gather-0,6206320
10,stats::reshape-0,47052120
10,tidyr::pivot_longer-4,10739680
10,tidyr::gather-4,6659680
10,stats::reshape-4,54250760
10,data.table::melt-0,652520
10,stats::reshape-0,72848320
10,cdata::unpivot_to_blocks-4,29993560
10,tidyfast::dt_pivot_longer-0,628320
10,stats::reshape-4,56541960
10,nc::capture_melt_single-0,3013280
10,tidyr::gather-4,6865360
10,tidyr::pivot_longer-0,10687840
10,tidyfast::dt_pivot_longer-4,14337960
10,utils::stack-4,9150360
10,tidyfast::dt_pivot_longer-0,614360
10,utils::stack-4,9330240
10,tidyfast::dt_pivot_longer-0,641880
10,reshape2::melt-4,3373400
10,data.table::melt-0,837440
10,stats::reshape-0,58140680
10,reshape2::melt-4,3404560
10,tidyr::pivot_longer-0,10028280
10,stats::reshape-4,52359920
10,utils::stack-4,8747920
10,cdata::unpivot_to_blocks-0,24373000
10,tidyr::gather-0,6356560
10,stats::reshape-4,64138400
10,nc::capture_melt_single-4,3850400
10,tidyfast::dt_pivot_longer-4,14061880
10,reshape2::melt-4,3370960
10,data.table::melt-0,717000
10,tidyr::gather-0,6163960
10,tidyr::pivot_longer-4,10616480
10,nc::capture_melt_single-0,3032320
10,utils::stack-0,2862240
10,cdata::unpivot_to_blocks-0,23746160
10,tidyfast::dt_pivot_longer-4,15443720
10,nc::capture_melt_single-0,3271600
10,tidyr::pivot_longer-0,10385520
10,tidyfast::dt_pivot_longer-4,14146960
10,reshape2::melt-4,3313520
10,tidyr::gather-4,6856160
10,reshape2::melt-0,2739000
31,tidyr::gather-4,8975440
31,utils::stack-4,18671400
31,stats::reshape-4,64943840
31,nc::capture_melt_single-4,3617440
31,tidyfast::dt_pivot_longer-0,586040
31,cdata::unpivot_to_blocks-0,25002800
31,nc::capture_melt_single-0,3078040
31,nc::capture_melt_single-0,2767080
31,tidyfast::dt_pivot_longer-0,618040
31,utils::stack-4,19602200
31,stats::reshape-0,49371720
31,tidyfast::dt_pivot_longer-0,650040
31,cdata::unpivot_to_blocks-0,25766000
31,stats::reshape-4,73265920
31,reshape2::melt-4,5199240
31,cdata::unpivot_to_blocks-4,39729280
31,stats::reshape-0,48059720
31,tidyr::gather-4,9061600
31,tidyfast::dt_pivot_longer-4,15703320
31,tidyr::pivot_longer-0,10281320
31,utils::stack-4,19453440
31,data.table::melt-4,2320680
31,nc::capture_melt_single-0,2907400
31,stats::reshape-0,57663520
31,cdata::unpivot_to_blocks-4,39781160
31,tidyfast::dt_pivot_longer-0,666000
31,utils::stack-0,3030280
31,nc::capture_melt_single-0,3277560
31,stats::reshape-4,64443880
31,stats::reshape-0,47831000
31,tidyr::pivot_longer-4,21117040
31,utils::stack-4,18877520
31,tidyr::pivot_longer-0,10074920
31,utils::stack-4,18601960
31,tidyr::pivot_longer-4,10691680
31,reshape2::melt-0,2817720
31,cdata::unpivot_to_blocks-0,26073400
31,tidyr::gather-4,9085720
31,cdata::unpivot_to_blocks-0,25062600
31,tidyfast::dt_pivot_longer-4,15951280
31,tidyr::gather-4,8967160
31,tidyr::gather-0,6494360
31,tidyr::gather-4,8831360
31,stats::reshape-0,58278400
31,tidyr::gather-4,8973200
31,nc::capture_melt_single-0,3042120
31,tidyr::gather-0,6433480
31,nc::capture_melt_single-4,3592120
31,nc::capture_melt_single-4,3372320
31,stats::reshape-4,64282440
31,nc::capture_melt_single-4,3520520
31,utils::stack-0,2883320
31,nc::capture_melt_single-4,3456120
31,reshape2::melt-0,2894360
31,tidyr::gather-4,8758800
31,cdata::unpivot_to_blocks-4,41159640
31,nc::capture_melt_single-4,3768440
31,reshape2::melt-4,5459800
31,cdata::unpivot_to_blocks-4,41202880
31,data.table::melt-0,740160
31,data.table::melt-0,550960
31,utils::stack-0,3135720
31,stats::reshape-0,57500760
31,tidyfast::dt_pivot_longer-0,643880
31,tidyfast::dt_pivot_longer-4,15716880
31,tidyr::gather-0,6545000
31,tidyfast::dt_pivot_longer-4,15810760
31,utils::stack-0,3145440
31,tidyr::pivot_longer-4,10702600
31,data.table::melt-4,2171160
31,tidyr::gather-4,9007400
31,tidyr::pivot_longer-4,10889960
31,stats::reshape-0,48297800
31,cdata::unpivot_to_blocks-4,49559960
31,tidyr::pivot_longer-0,10009760
31,cdata::unpivot_to_blocks-4,40680440
31,stats::reshape-4,62785960
31,data.table::melt-0,678760
31,nc::capture_melt_single-0,2945840
31,tidyfast::dt_pivot_longer-4,16657160
31,tidyfast::dt_pivot_longer-4,16058400
31,utils::stack-4,20149840
31,cdata::unpivot_to_blocks-0,25090520
31,data.table::melt-0,781720
31,data.table::melt-4,11830320
31,reshape2::melt-4,5813120
31,tidyr::gather-0,6824120
31,nc::capture_melt_single-0,3377480
31,reshape2::melt-0,3097160
31,cdata::unpivot_to_blocks-4,41407360
31,tidyr::gather-0,6404240
31,stats::reshape-4,61861440
31,data.table::melt-4,2300320
31,tidyr::gather-4,9149800
31,nc::capture_melt_single-4,3733920
31,cdata::unpivot_to_blocks-4,41889760
31,utils::stack-4,19519240
31,tidyr::pivot_longer-0,10265800
31,nc::capture_melt_single-4,3884000
31,reshape2::melt-0,3058840
31,stats::reshape-4,73174640
31,data.table::melt-0,666240
31,tidyfast::dt_pivot_longer-4,15467200
31,utils::stack-0,3072720
31,reshape2::melt-4,5414120
31,reshape2::melt-4,5642320
31,tidyfast::dt_pivot_longer-4,16031680
31,reshape2::melt-4,5337240
31,data.table::melt-0,724040
31,data.table::melt-4,2088520
31,data.table::melt-0,572480
31,cdata::unpivot_to_blocks-0,25281480
31,stats::reshape-4,65484640
31,tidyr::pivot_longer-4,20970640
31,tidyr::pivot_longer-4,10700160
31,tidyfast::dt_pivot_longer-4,15774080
31,data.table::melt-4,2247800
31,tidyr::pivot_longer-0,10835200
31,tidyfast::dt_pivot_longer-4,16099280
31,tidyr::pivot_longer-0,11105160
31,data.table::melt-4,2304360
31,tidyr::pivot_longer-0,10277640
31,reshape2::melt-4,5236040
31,reshape2::melt-0,2737240
31,tidyr::pivot_longer-0,10400280
31,cdata::unpivot_to_blocks-0,25357800
31,stats::reshape-0,57895960
31,tidyfast::dt_pivot_longer-0,638000
31,utils::stack-4,19880440
31,tidyr::pivot_longer-4,10967360
31,utils::stack-0,3045800
31,tidyfast::dt_pivot_longer-0,652640
31,tidyr::gather-0,6608960
31,stats::reshape-0,48904160
31,tidyr::pivot_longer-0,9989680
31,utils::stack-4,19695880
31,cdata::unpivot_to_blocks-4,41438000
31,tidyr::gather-4,8964800
31,reshape2::melt-0,3026480
31,tidyr::gather-0,6721640
31,cdata::unpivot_to_blocks-0,26373960
31,data.table::melt-4,2341880
31,tidyr::gather-0,16007480
31,cdata::unpivot_to_blocks-4,40326800
31,reshape2::melt-0,2810960
31,tidyr::pivot_longer-4,10922720
31,utils::stack-0,3292920
31,data.table::melt-0,687280
31,tidyfast::dt_pivot_longer-0,610080
31,nc::capture_melt_single-0,3231840
31,data.table::melt-0,699920
31,utils::stack-0,3076520
31,utils::stack-0,2883400
31,reshape2::melt-0,2946840
31,tidyr::pivot_longer-0,10241000
31,utils::stack-0,2996960
31,data.table::melt-4,2168480
31,reshape2::melt-4,5181800
31,stats::reshape-0,48482640
31,tidyr::pivot_longer-4,11055440
31,tidyfast::dt_pivot_longer-0,661720
31,stats::reshape-4,75509200
31,cdata::unpivot_to_blocks-0,25021640
31,tidyfast::dt_pivot_longer-0,668880
31,reshape2::melt-4,5457080
31,reshape2::melt-4,5304680
31,data.table::melt-0,722800
31,reshape2::melt-0,2809320
31,data.table::melt-4,2179040
31,nc::capture_melt_single-4,3456280
31,utils::stack-4,20168720
31,nc::capture_melt_single-0,3200360
31,tidyr::pivot_longer-4,10614680
31,nc::capture_melt_single-0,2991640
31,tidyr::gather-0,6571000
31,reshape2::melt-0,2839680
31,tidyr::gather-0,6448040
31,nc::capture_melt_single-4,3655880
31,cdata::unpivot_to_blocks-0,25608600
31,stats::reshape-4,76090880
100,data.table::melt-4,2580920
100,data.table::melt-0,680600
100,cdata::unpivot_to_blocks-4,76032800
100,tidyfast::dt_pivot_longer-4,21660600
100,data.table::melt-4,2336920
100,stats::reshape-0,51672800
100,utils::stack-4,52117880
100,reshape2::melt-4,11328720
100,stats::reshape-0,51897000
100,tidyfast::dt_pivot_longer-4,21799280
100,stats::reshape-0,63164800
100,tidyr::gather-0,7455360
100,utils::stack-4,52151120
100,tidyfast::dt_pivot_longer-0,758080
100,reshape2::melt-0,3085080
100,tidyr::gather-0,7580480
100,tidyr::pivot_longer-4,11159000
100,cdata::unpivot_to_blocks-4,77696520
100,nc::capture_melt_single-0,3241080
100,reshape2::melt-0,3124040
100,stats::reshape-4,99512400
100,cdata::unpivot_to_blocks-0,40282200
100,stats::reshape-4,97923800
100,cdata::unpivot_to_blocks-0,28634840
100,nc::capture_melt_single-4,3975760
100,reshape2::melt-4,11235680
100,cdata::unpivot_to_blocks-4,80037320
100,tidyr::pivot_longer-0,10855680
100,nc::capture_melt_single-0,3142920
100,tidyr::pivot_longer-4,11017840
100,reshape2::melt-4,11243360
100,reshape2::melt-4,11502200
100,reshape2::melt-0,3067440
100,stats::reshape-4,109562760
100,tidyr::pivot_longer-4,11990720
100,tidyr::pivot_longer-0,10439120
100,cdata::unpivot_to_blocks-4,77184520
100,utils::stack-0,3347240
100,tidyr::pivot_longer-4,11617640
100,data.table::melt-0,747960
100,data.table::melt-4,2391480
100,data.table::melt-0,658880
100,stats::reshape-0,50052080
100,cdata::unpivot_to_blocks-0,28322840
100,tidyfast::dt_pivot_longer-0,776800
100,stats::reshape-0,62482520
100,tidyr::pivot_longer-4,11988640
100,reshape2::melt-0,3129200
100,tidyr::pivot_longer-0,10896080
100,stats::reshape-0,50953520
100,stats::reshape-0,49484840
100,utils::stack-4,52513960
100,nc::capture_melt_single-0,3408240
100,tidyr::pivot_longer-0,30559120
100,data.table::melt-0,823680
100,tidyr::gather-4,16005720
100,nc::capture_melt_single-4,3818200
100,stats::reshape-4,99690640
100,utils::stack-4,52380760
100,tidyfast::dt_pivot_longer-4,21727880
100,nc::capture_melt_single-0,3330760
100,nc::capture_melt_single-0,2932640
100,stats::reshape-0,50948480
100,tidyr::pivot_longer-0,11164240
100,utils::stack-0,3232520
100,reshape2::melt-4,11473320
100,nc::capture_melt_single-4,3821000
100,tidyfast::dt_pivot_longer-4,34419040
100,nc::capture_melt_single-0,3297920
100,nc::capture_melt_single-0,3092720
100,tidyr::gather-0,7460800
100,tidyr::gather-4,15598560
100,tidyfast::dt_pivot_longer-0,791360
100,reshape2::melt-4,11582080
100,utils::stack-0,3239920
100,cdata::unpivot_to_blocks-4,76095840
100,cdata::unpivot_to_blocks-4,79404080
100,tidyr::gather-4,15473000
100,data.table::melt-0,804440
100,tidyfast::dt_pivot_longer-4,22438400
100,cdata::unpivot_to_blocks-0,29116120
100,tidyr::gather-0,7493040
100,tidyfast::dt_pivot_longer-4,32433200
100,data.table::melt-4,2511000
100,data.table::melt-4,2256320
100,nc::capture_melt_single-0,3042480
100,tidyr::gather-4,16209440
100,nc::capture_melt_single-4,3850200
100,tidyr::pivot_longer-0,10722920
100,utils::stack-4,52505920
100,tidyfast::dt_pivot_longer-0,780560
100,tidyr::pivot_longer-4,11203240
100,reshape2::melt-0,3082640
100,stats::reshape-4,100090760
100,tidyr::gather-0,7461560
100,data.table::melt-0,796360
100,tidyfast::dt_pivot_longer-4,22991160
100,cdata::unpivot_to_blocks-0,29128040
100,reshape2::melt-0,3192720
100,stats::reshape-0,62714440
100,reshape2::melt-4,11700800
100,cdata::unpivot_to_blocks-4,79269840
100,nc::capture_melt_single-0,3352320
100,cdata::unpivot_to_blocks-0,29047040
100,cdata::unpivot_to_blocks-4,77128440
100,utils::stack-0,3373040
100,reshape2::melt-0,3208080
100,nc::capture_melt_single-0,3183760
100,tidyr::gather-4,15806640
100,nc::capture_melt_single-4,3787000
100,tidyr::pivot_longer-0,10541240
100,data.table::melt-0,745720
100,stats::reshape-4,113837400
100,tidyr::gather-4,16094760
100,tidyr::gather-0,7464080
100,cdata::unpivot_to_blocks-0,29490080
100,tidyr::pivot_longer-0,10812960
100,cdata::unpivot_to_blocks-0,28650080
100,tidyr::gather-4,25723200
100,tidyr::gather-4,28914200
100,data.table::melt-0,866560
100,tidyr::gather-0,12284880
100,utils::stack-0,8372960
100,data.table::melt-4,2334800
100,tidyfast::dt_pivot_longer-4,37872360
100,data.table::melt-4,2502480
100,tidyr::gather-0,14255080
100,utils::stack-0,3324440
100,utils::stack-4,61966280
100,stats::reshape-4,99738640
100,tidyfast::dt_pivot_longer-0,793880
100,data.table::melt-0,699840
100,reshape2::melt-4,11039720
100,tidyfast::dt_pivot_longer-4,21707200
100,utils::stack-0,3280840
100,stats::reshape-4,102548920
100,reshape2::melt-0,3374600
100,data.table::melt-4,2407880
100,nc::capture_melt_single-4,3852640
100,cdata::unpivot_to_blocks-0,29402560
100,tidyfast::dt_pivot_longer-0,770480
100,utils::stack-0,3303560
100,nc::capture_melt_single-4,3717840
100,utils::stack-4,62680040
100,reshape2::melt-0,3461680
100,tidyr::gather-0,7925560
100,utils::stack-4,51441800
100,utils::stack-4,51910560
100,stats::reshape-4,99879680
100,reshape2::melt-4,11584360
100,data.table::melt-4,2479600
100,tidyr::gather-4,16003800
100,tidyr::pivot_longer-4,11561240
100,reshape2::melt-0,3375640
100,utils::stack-0,3315240
100,tidyfast::dt_pivot_longer-0,794920
100,tidyfast::dt_pivot_longer-4,21801240
100,cdata::unpivot_to_blocks-4,79704080
100,stats::reshape-0,63238760
100,utils::stack-0,3068720
100,tidyr::pivot_longer-4,11198000
100,nc::capture_melt_single-4,3683280
100,data.table::melt-0,737960
100,tidyr::gather-0,7757480
100,reshape2::melt-4,11134040
100,nc::capture_melt_single-4,3733520
100,cdata::unpivot_to_blocks-0,28516560
100,data.table::melt-4,2403920
100,tidyr::pivot_longer-4,11820760
100,tidyr::pivot_longer-4,11502040
100,nc::capture_melt_single-4,3684480
100,tidyfast::dt_pivot_longer-0,646600
100,stats::reshape-4,98692840
100,tidyfast::dt_pivot_longer-0,737600
100,tidyr::gather-4,15925160
100,tidyr::pivot_longer-0,21729760
100,cdata::unpivot_to_blocks-4,76239920
100,tidyfast::dt_pivot_longer-0,797680
100,utils::stack-4,52563360
100,tidyr::pivot_longer-0,11003360
316,data.table::melt-4,2785320
316,stats::reshape-4,209904360
316,stats::reshape-0,58502840
316,tidyfast::dt_pivot_longer-0,1066440
316,nc::capture_melt_single-0,3314920
316,tidyr::pivot_longer-0,11518120
316,utils::stack-4,155268600
316,stats::reshape-0,58626320
316,tidyr::pivot_longer-0,12673040
316,reshape2::melt-0,17416880
316,tidyr::pivot_longer-4,13220400
316,tidyfast::dt_pivot_longer-4,36129440
316,stats::reshape-0,60940400
316,nc::capture_melt_single-4,4098840
316,data.table::melt-0,843520
316,data.table::melt-4,2428160
316,tidyfast::dt_pivot_longer-4,36766640
316,stats::reshape-4,210142680
316,utils::stack-0,3827280
316,tidyr::gather-4,34712880
316,utils::stack-4,164712960
316,utils::stack-0,4003400
316,stats::reshape-0,59847720
316,stats::reshape-4,218019000
316,nc::capture_melt_single-4,3946520
316,tidyr::gather-0,10427480
316,tidyr::pivot_longer-0,12950480
316,tidyfast::dt_pivot_longer-0,947400
316,nc::capture_melt_single-4,4143120
316,data.table::melt-0,891880
316,tidyr::pivot_longer-0,11810160
316,data.table::melt-0,936640
316,utils::stack-4,155255720
316,cdata::unpivot_to_blocks-4,206016960
316,tidyfast::dt_pivot_longer-0,1035760
316,utils::stack-0,3726000
316,nc::capture_melt_single-4,3987080
316,nc::capture_melt_single-0,3419720
316,reshape2::melt-4,28065200
316,tidyr::pivot_longer-0,11830440
316,utils::stack-4,155448320
316,cdata::unpivot_to_blocks-0,40881200
316,cdata::unpivot_to_blocks-4,189314040
316,stats::reshape-0,60041240
316,cdata::unpivot_to_blocks-0,41904800
316,data.table::melt-4,2680160
316,utils::stack-4,153637040
316,cdata::unpivot_to_blocks-0,54021120
316,utils::stack-0,3663880
316,tidyr::gather-4,33838360
316,cdata::unpivot_to_blocks-4,184135760
316,stats::reshape-4,216576040
316,utils::stack-4,163411920
316,nc::capture_melt_single-4,4287440
316,reshape2::melt-0,4107000
316,reshape2::melt-4,27278400
316,data.table::melt-4,2679440
316,tidyr::pivot_longer-4,12423560
316,nc::capture_melt_single-0,3492560
316,utils::stack-4,164153480
316,tidyr::gather-4,34687320
316,stats::reshape-0,72532720
316,stats::reshape-0,59627000
316,stats::reshape-4,213465600
316,tidyr::gather-4,33847800
316,tidyr::pivot_longer-4,24844200
316,tidyr::pivot_longer-0,11591000
316,cdata::unpivot_to_blocks-0,40770720
316,tidyr::pivot_longer-4,12560800
316,reshape2::melt-4,27380360
316,utils::stack-0,3815440
316,tidyr::pivot_longer-0,11914240
316,utils::stack-4,164648520
316,tidyr::pivot_longer-4,12324840
316,tidyr::pivot_longer-0,11584240
316,tidyfast::dt_pivot_longer-0,919160
316,reshape2::melt-4,29131720
316,reshape2::melt-0,4831960
316,nc::capture_melt_single-4,4491840
316,reshape2::melt-0,4676280
316,data.table::melt-4,2790240
316,stats::reshape-0,59610640
316,tidyr::gather-0,23782680
316,nc::capture_melt_single-0,3425880
316,cdata::unpivot_to_blocks-4,185377200
316,nc::capture_melt_single-0,3420920
316,nc::capture_melt_single-0,3717920
316,tidyfast::dt_pivot_longer-0,931360
316,utils::stack-4,162513200
316,tidyfast::dt_pivot_longer-4,37458480
316,stats::reshape-4,206333040
316,data.table::melt-0,967400
316,nc::capture_melt_single-4,4159720
316,tidyfast::dt_pivot_longer-4,36446440
316,data.table::melt-0,981480
316,reshape2::melt-0,4053080
316,cdata::unpivot_to_blocks-4,186119920
316,reshape2::melt-4,39546600
316,cdata::unpivot_to_blocks-4,189351080
316,tidyfast::dt_pivot_longer-4,37303840
316,tidyr::gather-0,11223680
316,tidyfast::dt_pivot_longer-4,36954440
316,tidyr::gather-0,10668960
316,stats::reshape-4,207353240
316,tidyr::gather-4,34117280
316,tidyfast::dt_pivot_longer-0,1160360
316,reshape2::melt-0,5087520
316,stats::reshape-0,71330280
316,tidyfast::dt_pivot_longer-0,1015920
316,cdata::unpivot_to_blocks-0,40531200
316,cdata::unpivot_to_blocks-0,40467320
316,nc::capture_melt_single-0,3463520
316,cdata::unpivot_to_blocks-4,185073200
316,tidyr::gather-0,11330520
316,cdata::unpivot_to_blocks-0,52612600
316,nc::capture_melt_single-4,4205840
316,nc::capture_melt_single-4,3863400
316,reshape2::melt-4,27316320
316,cdata::unpivot_to_blocks-4,188230160
316,tidyfast::dt_pivot_longer-4,37270160
316,reshape2::melt-4,27076000
316,tidyr::gather-0,11813560
316,stats::reshape-4,221046200
316,nc::capture_melt_single-4,4195760
316,cdata::unpivot_to_blocks-0,41175360
316,data.table::melt-4,2750960
316,tidyr::gather-4,35719840
316,tidyr::gather-4,34918080
316,cdata::unpivot_to_blocks-4,220496320
316,tidyr::pivot_longer-4,13372720
316,reshape2::melt-0,4787200
316,data.table::melt-0,1027960
316,reshape2::melt-4,27907560
316,tidyr::gather-0,11508280
316,utils::stack-0,3737480
316,tidyfast::dt_pivot_longer-0,1063960
316,data.table::melt-0,989040
316,tidyfast::dt_pivot_longer-0,935560
316,utils::stack-0,3962880
316,tidyr::pivot_longer-4,12744800
316,stats::reshape-4,210185960
316,data.table::melt-0,978760
316,tidyr::pivot_longer-4,12923640
316,tidyr::pivot_longer-4,12759000
316,reshape2::melt-0,4343640
316,tidyr::pivot_longer-4,12961800
316,stats::reshape-4,225115160
316,tidyr::pivot_longer-0,11978600
316,nc::capture_melt_single-0,3413480
316,nc::capture_melt_single-0,3552640
316,tidyr::gather-4,33243560
316,stats::reshape-0,66101600
316,reshape2::melt-0,4460200
316,utils::stack-0,4263720
316,utils::stack-0,4103840
316,tidyr::pivot_longer-0,14163120
316,data.table::melt-4,2953520
316,tidyr::gather-0,12489760
316,tidyfast::dt_pivot_longer-0,1044440
316,tidyfast::dt_pivot_longer-4,37383600
316,data.table::melt-4,3125080
316,tidyr::gather-0,11656960
316,reshape2::melt-0,154579120
316,tidyr::gather-4,34007120
316,data.table::melt-4,2760560
316,tidyfast::dt_pivot_longer-4,35992080
316,tidyr::gather-4,33311520
316,cdata::unpivot_to_blocks-0,42323680
316,data.table::melt-0,1029240
316,tidyfast::dt_pivot_longer-4,36765520
316,reshape2::melt-4,26830840
316,data.table::melt-4,2615440
316,tidyr::gather-0,10929120
316,utils::stack-4,158853760
316,utils::stack-0,3960640
316,cdata::unpivot_to_blocks-0,40147680
316,cdata::unpivot_to_blocks-4,197263040
316,nc::capture_melt_single-0,3568600
316,reshape2::melt-4,27025480
316,data.table::melt-0,996880
1000,data.table::melt-0,1716200
1000,reshape2::melt-0,8401640
1000,tidyr::pivot_longer-0,15957400
1000,tidyfast::dt_pivot_longer-4,95474520
1000,nc::capture_melt_single-4,5042400
1000,tidyr::gather-0,20924560
1000,reshape2::melt-0,8621160
1000,reshape2::melt-4,94796840
1000,data.table::melt-0,1504120
1000,tidyfast::dt_pivot_longer-0,1473880
1000,nc::capture_melt_single-4,4866560
1000,tidyr::pivot_longer-0,15593360
1000,tidyr::gather-4,105219640
1000,stats::reshape-4,602082040
1000,reshape2::melt-4,91167400
1000,stats::reshape-0,108317480
1000,data.table::melt-0,1576200
1000,tidyr::gather-0,21080560
1000,tidyr::pivot_longer-4,17601080
1000,stats::reshape-0,103593960
1000,reshape2::melt-4,105242880
1000,reshape2::melt-4,89065680
1000,reshape2::melt-4,88442880
1000,stats::reshape-0,104435800
1000,tidyfast::dt_pivot_longer-4,95704280
1000,reshape2::melt-0,22906360
1000,nc::capture_melt_single-4,5304280
1000,utils::stack-4,472924160
1000,utils::stack-4,487765200
1000,tidyr::pivot_longer-4,28256720
1000,nc::capture_melt_single-4,5360080
1000,utils::stack-4,472289240
1000,tidyr::pivot_longer-0,15480160
1000,tidyfast::dt_pivot_longer-4,94663800
1000,utils::stack-4,489272760
1000,tidyr::pivot_longer-0,15430920
1000,tidyr::gather-0,21272400
1000,utils::stack-0,16558000
1000,reshape2::melt-0,8023480
1000,reshape2::melt-0,7998480
1000,reshape2::melt-0,18854200
1000,utils::stack-4,503536400
1000,tidyr::pivot_longer-4,17117320
1000,data.table::melt-0,1557440
1000,data.table::melt-0,1455920
1000,tidyfast::dt_pivot_longer-0,1493080
1000,cdata::unpivot_to_blocks-0,96450600
1000,tidyr::pivot_longer-4,16625480
1000,stats::reshape-0,121505560
1000,tidyr::gather-4,124116320
1000,tidyr::gather-4,102739320
1000,cdata::unpivot_to_blocks-4,586650240
1000,nc::capture_melt_single-0,4300000
1000,nc::capture_melt_single-4,4922400
1000,data.table::melt-4,3612160
1000,utils::stack-0,5472280
1000,data.table::melt-4,3718320
1000,cdata::unpivot_to_blocks-4,566227640
1000,cdata::unpivot_to_blocks-0,107056880
1000,nc::capture_melt_single-0,4423760
1000,reshape2::melt-4,87677280
1000,cdata::unpivot_to_blocks-0,105240920
1000,cdata::unpivot_to_blocks-0,128309120
1000,cdata::unpivot_to_blocks-4,549627840
1000,tidyr::gather-0,41688600
1000,utils::stack-0,6014280
1000,data.table::melt-4,3843800
1000,tidyfast::dt_pivot_longer-4,95783400
1000,data.table::melt-4,3720160
1000,stats::reshape-0,136711280
1000,utils::stack-0,5335320
1000,tidyr::gather-4,124855200
1000,tidyr::pivot_longer-4,17505120
1000,reshape2::melt-0,8011640
1000,tidyfast::dt_pivot_longer-4,96987480
1000,nc::capture_melt_single-4,5254200
1000,tidyr::gather-4,116418480
1000,tidyr::gather-0,21421400
1000,tidyfast::dt_pivot_longer-0,1684680
1000,tidyfast::dt_pivot_longer-4,95561360
1000,reshape2::melt-4,103151440
1000,tidyr::pivot_longer-4,16864040
1000,tidyfast::dt_pivot_longer-0,1637120
1000,tidyr::gather-0,21251280
1000,tidyr::gather-0,35641720
1000,stats::reshape-0,135207800
1000,cdata::unpivot_to_blocks-0,248225000
1000,stats::reshape-4,569778600
1000,cdata::unpivot_to_blocks-0,99484800
1000,tidyfast::dt_pivot_longer-0,1662520
1000,stats::reshape-4,588705800
1000,utils::stack-4,512023080
1000,tidyr::pivot_longer-0,15568040
1000,stats::reshape-4,622856520
1000,tidyr::gather-0,21010320
1000,tidyr::gather-0,21322960
1000,cdata::unpivot_to_blocks-4,630022880
1000,utils::stack-4,480271040
1000,nc::capture_melt_single-0,4165480
1000,tidyfast::dt_pivot_longer-0,1563120
1000,tidyfast::dt_pivot_longer-0,1575840
1000,utils::stack-4,478708280
1000,cdata::unpivot_to_blocks-4,606977520
1000,utils::stack-0,5205240
1000,tidyr::gather-4,105503000
1000,cdata::unpivot_to_blocks-4,701239160
1000,nc::capture_melt_single-4,5081160
1000,tidyr::pivot_longer-4,16102080
1000,nc::capture_melt_single-4,5072720
1000,cdata::unpivot_to_blocks-0,92859560
1000,tidyr::gather-4,108501360
1000,tidyr::gather-0,20889680
1000,tidyr::pivot_longer-4,16676480
1000,tidyfast::dt_pivot_longer-0,1698400
1000,tidyr::pivot_longer-0,15949240
1000,data.table::melt-4,3729240
1000,utils::stack-0,5176080
1000,utils::stack-0,18916120
1000,nc::capture_melt_single-0,4091680
1000,data.table::melt-0,1530440
1000,cdata::unpivot_to_blocks-4,553062320
1000,tidyr::pivot_longer-0,16636800
1000,reshape2::melt-0,8097600
1000,stats::reshape-0,117458720
1000,tidyfast::dt_pivot_longer-4,94861320
1000,tidyfast::dt_pivot_longer-4,133948800
1000,tidyfast::dt_pivot_longer-4,95047520
1000,reshape2::melt-0,7824040
1000,cdata::unpivot_to_blocks-4,582913760
1000,tidyfast::dt_pivot_longer-0,1631680
1000,cdata::unpivot_to_blocks-0,89407000
1000,data.table::melt-4,3708920
1000,stats::reshape-0,130931120
1000,reshape2::melt-4,91294760
1000,data.table::melt-0,1619320
1000,tidyfast::dt_pivot_longer-4,95143760
1000,stats::reshape-0,103176480
1000,stats::reshape-0,123410560
1000,reshape2::melt-4,91297600
1000,stats::reshape-4,590997800
1000,tidyr::pivot_longer-0,15936920
1000,nc::capture_melt_single-0,4243600
1000,cdata::unpivot_to_blocks-0,130388760
1000,utils::stack-4,490062800
1000,stats::reshape-4,613497280
1000,reshape2::melt-0,8654960
1000,tidyr::pivot_longer-0,15916960
1000,nc::capture_melt_single-4,5096480
1000,tidyr::pivot_longer-4,16334240
1000,cdata::unpivot_to_blocks-0,124891680
1000,utils::stack-0,5406080
1000,nc::capture_melt_single-0,4252840
1000,reshape2::melt-4,90380040
1000,tidyr::gather-4,103220200
1000,data.table::melt-4,3775480
1000,data.table::melt-0,1464040
1000,nc::capture_melt_single-0,4075640
1000,utils::stack-4,504273920
1000,data.table::melt-4,3814680
1000,cdata::unpivot_to_blocks-4,588948560
1000,tidyr::gather-4,103983520
1000,nc::capture_melt_single-0,4213360
1000,nc::capture_melt_single-4,5200200
1000,data.table::melt-0,1474040
1000,stats::reshape-4,606867240
1000,utils::stack-0,5612040
1000,stats::reshape-4,589788880
1000,cdata::unpivot_to_blocks-4,586359080
1000,nc::capture_melt_single-0,4382520
1000,tidyr::gather-4,270289240
1000,stats::reshape-4,585507360
1000,tidyfast::dt_pivot_longer-0,1713760
1000,utils::stack-0,5079640
1000,tidyr::pivot_longer-4,18055920
1000,nc::capture_melt_single-0,4097240
1000,tidyr::pivot_longer-0,16073160
1000,data.table::melt-4,3501160
1000,data.table::melt-4,3505960
1000,data.table::melt-0,1509400
1000,stats::reshape-4,587037880
3162,tidyr::gather-4,345382080
3162,stats::reshape-4,1848238880
3162,data.table::melt-0,3593920
3162,cdata::unpivot_to_blocks-4,1818929320
3162,stats::reshape-0,518181680
3162,nc::capture_melt_single-4,8238600
3162,tidyr::gather-0,53710680
3162,tidyr::gather-4,373005640
3162,data.table::melt-4,6820080
3162,tidyfast::dt_pivot_longer-4,291733840
3162,utils::stack-0,37463680
3162,data.table::melt-0,3543480
3162,cdata::unpivot_to_blocks-0,388375720
3162,reshape2::melt-4,399693560
3162,tidyr::pivot_longer-0,100994720
3162,tidyfast::dt_pivot_longer-4,464998040
3162,stats::reshape-4,1914770240
3162,utils::stack-0,206675720
3162,data.table::melt-0,3552240
3162,data.table::melt-4,6637080
3162,nc::capture_melt_single-4,8149840
3162,utils::stack-4,1718613680
3162,stats::reshape-0,335603960
3162,stats::reshape-4,1857098880
3162,tidyfast::dt_pivot_longer-0,4902400
3162,data.table::melt-4,6978960
3162,stats::reshape-4,1940118000
3162,data.table::melt-4,6575040
3162,reshape2::melt-0,23207760
3162,tidyr::pivot_longer-0,32572840
3162,cdata::unpivot_to_blocks-4,1864135040
3162,tidyfast::dt_pivot_longer-4,284191640
3162,data.table::melt-4,55807400
3162,cdata::unpivot_to_blocks-4,1812262360
3162,utils::stack-0,53477080
3162,data.table::melt-0,3532040
3162,reshape2::melt-0,231978480
3162,stats::reshape-0,285979280
3162,tidyfast::dt_pivot_longer-4,290776720
3162,tidyfast::dt_pivot_longer-0,3739440
3162,nc::capture_melt_single-0,6140440
3162,utils::stack-0,10700000
3162,cdata::unpivot_to_blocks-4,1816429000
3162,nc::capture_melt_single-0,6481720
3162,nc::capture_melt_single-4,8028440
3162,tidyfast::dt_pivot_longer-0,3703960
3162,tidyr::gather-0,101107600
3162,tidyr::pivot_longer-0,29951640
3162,tidyr::gather-4,426252440
3162,utils::stack-0,10779000
3162,utils::stack-4,1585656320
3162,reshape2::melt-4,321682800
3162,tidyr::pivot_longer-4,32598240
3162,tidyfast::dt_pivot_longer-0,4437520
3162,tidyfast::dt_pivot_longer-4,478159680
3162,reshape2::melt-4,320777400
3162,stats::reshape-0,288862440
3162,nc::capture_melt_single-0,6937200
3162,nc::capture_melt_single-4,8510160
3162,nc::capture_melt_single-4,9610280
3162,tidyfast::dt_pivot_longer-0,3759720
3162,tidyfast::dt_pivot_longer-4,301450280
3162,stats::reshape-4,1821937520
3162,utils::stack-4,1566888800
3162,tidyr::pivot_longer-0,101846120
3162,cdata::unpivot_to_blocks-4,1814859920
3162,tidyr::gather-4,378719200
3162,cdata::unpivot_to_blocks-0,480006000
3162,data.table::melt-4,7091520
3162,tidyr::pivot_longer-0,30620120
3162,tidyr::pivot_longer-4,29067400
3162,stats::reshape-0,403432160
3162,cdata::unpivot_to_blocks-0,319932640
3162,tidyfast::dt_pivot_longer-4,291494840
3162,nc::capture_melt_single-4,8226600
3162,nc::capture_melt_single-0,6462640
3162,cdata::unpivot_to_blocks-4,1970814480
3162,utils::stack-0,12129400
3162,nc::capture_melt_single-4,8135960
3162,cdata::unpivot_to_blocks-0,332535040
3162,tidyr::gather-0,54998200
3162,nc::capture_melt_single-0,6813120
3162,utils::stack-4,1548859160
3162,tidyr::pivot_longer-4,61371960
3162,tidyr::pivot_longer-0,27944040
3162,data.table::melt-4,7002200
3162,nc::capture_melt_single-0,6457800
3162,data.table::melt-0,3522200
3162,utils::stack-4,1599023320
3162,tidyr::gather-0,54804880
3162,cdata::unpivot_to_blocks-0,433726840
3162,tidyfast::dt_pivot_longer-0,3996760
3162,tidyr::pivot_longer-0,29063840
3162,cdata::unpivot_to_blocks-0,295627400
3162,utils::stack-0,10797400
3162,nc::capture_melt_single-0,6644640
3162,reshape2::melt-0,20512280
3162,tidyfast::dt_pivot_longer-4,290404560
3162,tidyr::pivot_longer-4,44727120
3162,tidyr::pivot_longer-0,27803960
3162,stats::reshape-4,1860065240
3162,reshape2::melt-0,100657160
3162,tidyr::pivot_longer-4,29324800
3162,data.table::melt-0,3452320
3162,nc::capture_melt_single-4,8149520
3162,data.table::melt-0,3602440
3162,tidyr::pivot_longer-4,29372240
3162,reshape2::melt-0,46889440
3162,utils::stack-4,1535251800
3162,reshape2::melt-0,49657840
3162,cdata::unpivot_to_blocks-4,1813280200
3162,tidyr::gather-4,558876000
3162,utils::stack-0,10864760
3162,utils::stack-0,11810160
3162,utils::stack-4,1512336720
3162,reshape2::melt-4,310135840
3162,tidyr::gather-0,54101200
3162,nc::capture_melt_single-0,6372400
3162,tidyfast::dt_pivot_longer-0,3789120
3162,tidyr::gather-0,69459360
3162,utils::stack-4,1515601240
3162,data.table::melt-0,3680240
3162,cdata::unpivot_to_blocks-0,290993560
3162,tidyfast::dt_pivot_longer-0,3808920
3162,stats::reshape-4,1888092680
3162,data.table::melt-4,6775960
3162,tidyr::gather-4,442270760
3162,stats::reshape-0,290033520
3162,cdata::unpivot_to_blocks-4,1879289600
3162,reshape2::melt-0,233869840
3162,tidyr::gather-0,54335760
3162,reshape2::melt-0,21234120
3162,utils::stack-4,1551732600
3162,stats::reshape-4,1755541720
3162,reshape2::melt-4,353275640
3162,stats::reshape-0,272377280
3162,nc::capture_melt_single-4,8296360
3162,cdata::unpivot_to_blocks-4,1923417440
3162,tidyr::gather-4,571351880
3162,nc::capture_melt_single-0,6287000
3162,data.table::melt-4,7027760
3162,cdata::unpivot_to_blocks-0,271459440
3162,stats::reshape-0,392955920
3162,tidyr::pivot_longer-4,28583280
3162,tidyfast::dt_pivot_longer-4,287613640
3162,tidyr::pivot_longer-0,28450000
3162,tidyr::gather-4,358221240
3162,data.table::melt-0,3544080
3162,data.table::melt-4,6852600
3162,reshape2::melt-4,376726240
3162,utils::stack-4,1563645360
3162,nc::capture_melt_single-0,6990080
3162,utils::stack-0,12085760
3162,tidyr::gather-0,81317800
3162,tidyfast::dt_pivot_longer-0,4456320
3162,tidyr::pivot_longer-4,31302040
3162,tidyfast::dt_pivot_longer-0,3782360
3162,reshape2::melt-4,520304480
3162,cdata::unpivot_to_blocks-0,275752320
3162,nc::capture_melt_single-4,8471160
3162,reshape2::melt-4,344915960
3162,cdata::unpivot_to_blocks-4,1744470960
3162,tidyr::pivot_longer-4,30709920
3162,tidyr::gather-4,358892680
3162,data.table::melt-0,3368360
3162,tidyr::gather-4,334991160
3162,reshape2::melt-4,317205880
3162,reshape2::melt-0,60618440
3162,stats::reshape-4,1862583200
3162,reshape2::melt-4,358745120
3162,tidyr::gather-0,53526040
3162,tidyr::pivot_longer-0,28064040
3162,stats::reshape-0,320352720
3162,tidyfast::dt_pivot_longer-4,298431920
3162,tidyr::gather-0,98648320
3162,stats::reshape-4,2031149480
3162,cdata::unpivot_to_blocks-0,298263240
3162,stats::reshape-0,355473560
3162,tidyr::pivot_longer-4,29246080
3162,reshape2::melt-0,57426080
10000,nc::capture_melt_single-0,13446240
10000,tidyfast::dt_pivot_longer-4,874938520
10000,tidyr::gather-4,1092678200
10000,utils::stack-0,43987360
10000,tidyr::gather-0,180233560
10000,tidyr::gather-4,1053795800
10000,tidyfast::dt_pivot_longer-4,903517280
10000,tidyr::gather-4,1217626160
10000,nc::capture_melt_single-4,18608280
10000,reshape2::melt-4,954004920
10000,tidyr::pivot_longer-4,98260560
10000,cdata::unpivot_to_blocks-0,1107791600
10000,tidyfast::dt_pivot_longer-4,957345120
10000,reshape2::melt-4,1103180680
10000,reshape2::melt-4,1033366280
10000,data.table::melt-4,16430360
10000,reshape2::melt-0,316240480
10000,data.table::melt-4,16493440
10000,tidyfast::dt_pivot_longer-4,882971760
10000,tidyfast::dt_pivot_longer-0,10390360
10000,tidyfast::dt_pivot_longer-0,10423320
10000,stats::reshape-0,1154986400
10000,nc::capture_melt_single-4,18842120
10000,tidyr::gather-4,1298466360
10000,tidyfast::dt_pivot_longer-4,889337560
10000,stats::reshape-0,1056575360
10000,cdata::unpivot_to_blocks-0,1391724760
10000,tidyr::pivot_longer-0,65315240
10000,tidyfast::dt_pivot_longer-0,10528280
10000,reshape2::melt-0,140186760
10000,tidyr::pivot_longer-4,68312480
10000,data.table::melt-0,9458200
10000,nc::capture_melt_single-4,17747720
10000,tidyfast::dt_pivot_longer-0,10445600
10000,cdata::unpivot_to_blocks-0,988841200
10000,tidyr::pivot_longer-4,66801440
10000,tidyr::pivot_longer-0,96651120
10000,data.table::melt-4,16406160
10000,tidyr::gather-4,1070237280
10000,tidyfast::dt_pivot_longer-0,241304880
10000,data.table::melt-4,16281640
10000,cdata::unpivot_to_blocks-0,842652400
10000,tidyr::pivot_longer-0,65583560
10000,nc::capture_melt_single-0,13308840
10000,data.table::melt-4,75691960
10000,nc::capture_melt_single-4,17982400
10000,data.table::melt-4,16283720
10000,tidyr::pivot_longer-4,67730000
10000,data.table::melt-0,9563440
10000,reshape2::melt-4,913396120
10000,reshape2::melt-4,951101560
10000,nc::capture_melt_single-4,17651040
10000,utils::stack-0,27080800
10000,data.table::melt-0,9885200
10000,tidyr::gather-4,1042689080
10000,nc::capture_melt_single-0,13187640
10000,tidyr::pivot_longer-4,319980760
10000,tidyr::pivot_longer-0,66132760
10000,cdata::unpivot_to_blocks-0,941576800
10000,stats::reshape-0,1026151680
10000,utils::stack-0,214171720
10000,tidyr::gather-0,224661640
10000,tidyr::pivot_longer-4,69277040
10000,nc::capture_melt_single-0,91283680
10000,stats::reshape-0,1352219920
10000,nc::capture_melt_single-0,13758240
10000,tidyr::gather-0,155073720
10000,cdata::unpivot_to_blocks-0,1139351800
10000,data.table::melt-0,9677200
10000,utils::stack-0,25482520
10000,tidyfast::dt_pivot_longer-0,10784320
10000,data.table::melt-4,185284000
10000,tidyr::pivot_longer-0,67452400
10000,stats::reshape-0,794869520
10000,reshape2::melt-0,153259280
10000,tidyr::pivot_longer-0,65403960
10000,nc::capture_melt_single-4,17839920
10000,tidyr::gather-0,256511280
10000,tidyr::pivot_longer-0,175740800
10000,nc::capture_melt_single-4,17903600
10000,tidyfast::dt_pivot_longer-4,867582800
10000,tidyr::gather-0,253266440
10000,data.table::melt-0,10124560
10000,tidyr::gather-4,1195049560
10000,reshape2::melt-0,426148120
10000,tidyr::gather-0,153809000
10000,tidyr::pivot_longer-4,81140760
10000,nc::capture_melt_single-4,17673840
10000,tidyr::pivot_longer-0,99749800
10000,cdata::unpivot_to_blocks-0,936774560
10000,nc::capture_melt_single-0,13724320
10000,reshape2::melt-4,923192960
10000,stats::reshape-0,1097243120
10000,tidyr::gather-0,158884400
10000,stats::reshape-0,1297512280
10000,stats::reshape-0,783906280
10000,tidyfast::dt_pivot_longer-0,189317400
10000,stats::reshape-0,745869800
10000,tidyfast::dt_pivot_longer-0,10356080
10000,data.table::melt-4,16457080
10000,tidyfast::dt_pivot_longer-0,10893520
10000,cdata::unpivot_to_blocks-0,1136438400
10000,utils::stack-0,288653600
10000,tidyr::gather-0,160079920
10000,reshape2::melt-0,58116120
10000,tidyr::pivot_longer-0,144678760
10000,reshape2::melt-0,57425840
10000,reshape2::melt-4,986961280
10000,data.table::melt-0,78092080
10000,tidyfast::dt_pivot_longer-4,885909800
10000,reshape2::melt-0,57849160
10000,tidyr::gather-4,1081987120
10000,cdata::unpivot_to_blocks-0,1020956720
10000,reshape2::melt-0,57605960
10000,data.table::melt-0,115886760
10000,tidyr::gather-4,1011190960
10000,tidyr::pivot_longer-4,143809200
10000,nc::capture_melt_single-4,18305760
10000,utils::stack-0,25370200
10000,tidyr::pivot_longer-4,142237440
10000,tidyfast::dt_pivot_longer-4,896309080
10000,data.table::melt-0,400556760
10000,reshape2::melt-4,1006018280
10000,tidyr::gather-0,159855800
10000,tidyr::gather-0,177262480
10000,data.table::melt-4,36948120
10000,tidyfast::dt_pivot_longer-0,10440600
10000,data.table::melt-0,9626360
10000,reshape2::melt-4,928858160
10000,reshape2::melt-0,57034920
10000,nc::capture_melt_single-0,13298960
10000,stats::reshape-0,886357320
10000,tidyr::pivot_longer-4,66310280
10000,data.table::melt-4,163157960
10000,cdata::unpivot_to_blocks-0,1286428680
10000,reshape2::melt-0,62066080
10000,tidyr::pivot_longer-0,148911560
10000,tidyfast::dt_pivot_longer-4,884692880
10000,utils::stack-0,25548880
10000,utils::stack-0,25954040
10000,tidyr::gather-4,1074727480
10000,nc::capture_melt_single-0,13373640
10000,nc::capture_melt_single-0,13184360
10000,tidyfast::dt_pivot_longer-4,888100400
10000,utils::stack-0,162182560
10000,reshape2::melt-4,997788360
10000,nc::capture_melt_single-4,17932560
10000,nc::capture_melt_single-0,13560360
10000,data.table::melt-0,9876040
10000,utils::stack-0,62004480
31622,nc::capture_melt_single-4,49514120
31622,tidyr::pivot_longer-0,200948840
31622,tidyfast::dt_pivot_longer-0,32984360
31622,nc::capture_melt_single-0,35420120
31622,tidyr::gather-0,598819920
31622,data.table::melt-4,47769680
31622,tidyr::gather-4,3570961840
31622,data.table::melt-4,54462840
31622,tidyr::gather-0,1032008200
31622,tidyr::gather-0,605039480
31622,reshape2::melt-4,3120890400
31622,utils::stack-0,135142960
31622,reshape2::melt-4,2997533640
31622,tidyr::gather-0,837373960
31622,nc::capture_melt_single-4,49658920
31622,tidyfast::dt_pivot_longer-0,33172520
31622,tidyr::pivot_longer-0,247114000
31622,utils::stack-0,107083600
31622,tidyfast::dt_pivot_longer-0,32564200
31622,tidyr::pivot_longer-0,224488840
31622,data.table::melt-0,28764520
31622,tidyr::pivot_longer-4,248812160
31622,tidyr::pivot_longer-4,261417480
31622,tidyr::gather-0,808089080
31622,utils::stack-0,80333200
31622,tidyr::gather-4,3240974600
31622,tidyfast::dt_pivot_longer-0,31865120
31622,tidyfast::dt_pivot_longer-4,2734681240
31622,reshape2::melt-0,457146640
31622,utils::stack-0,79260720
31622,reshape2::melt-0,222708680
31622,tidyfast::dt_pivot_longer-0,58228800
31622,tidyfast::dt_pivot_longer-4,2784281200
31622,nc::capture_melt_single-0,35972000
31622,reshape2::melt-0,230568080
31622,tidyr::gather-4,3404551720
31622,data.table::melt-0,29195480
31622,data.table::melt-0,28630880
31622,data.table::melt-4,71024240
31622,nc::capture_melt_single-4,275423640
31622,data.table::melt-4,47904480
31622,utils::stack-0,76758920
31622,tidyfast::dt_pivot_longer-4,2716160200
31622,reshape2::melt-0,224057360
31622,nc::capture_melt_single-4,66652720
31622,nc::capture_melt_single-0,35732680
31622,reshape2::melt-0,257638880
31622,data.table::melt-0,29738440
31622,tidyr::gather-4,3534974720
31622,nc::capture_melt_single-4,48615400
31622,tidyr::gather-0,832526560
31622,tidyr::gather-4,3291171440
31622,tidyr::pivot_longer-0,454169000
31622,reshape2::melt-4,3184378320
31622,nc::capture_melt_single-4,49398000
31622,tidyr::gather-0,637043480
31622,data.table::melt-0,47155320
31622,data.table::melt-4,48702360
31622,tidyfast::dt_pivot_longer-0,31919880
31622,tidyr::pivot_longer-4,447568680
31622,tidyr::pivot_longer-4,219786400
31622,tidyfast::dt_pivot_longer-4,2806203680
31622,utils::stack-0,75866680
31622,tidyfast::dt_pivot_longer-4,2803120000
31622,tidyfast::dt_pivot_longer-4,2802770560
31622,reshape2::melt-4,3424811840
31622,tidyr::pivot_longer-0,209261280
31622,nc::capture_melt_single-0,35412560
31622,data.table::melt-0,29212720
31622,nc::capture_melt_single-0,37711320
31622,data.table::melt-0,28730760
31622,tidyr::pivot_longer-0,229685600
31622,nc::capture_melt_single-4,49700760
31622,data.table::melt-0,28723120
31622,reshape2::melt-0,485274040
31622,tidyr::pivot_longer-4,215196080
31622,reshape2::melt-0,232187120
31622,tidyr::pivot_longer-4,203071840
31622,reshape2::melt-4,3002443360
31622,reshape2::melt-0,211335880
31622,data.table::melt-0,29508200
31622,tidyfast::dt_pivot_longer-0,59702840
31622,utils::stack-0,77912120
31622,tidyr::gather-4,3468366040
31622,tidyfast::dt_pivot_longer-4,2718290160
31622,data.table::melt-4,48129240
31622,tidyfast::dt_pivot_longer-4,2713550800
31622,tidyr::pivot_longer-4,233369040
31622,data.table::melt-4,48716680
31622,tidyr::pivot_longer-0,222024960
31622,tidyr::pivot_longer-4,254803600
31622,tidyr::gather-4,3325265600
31622,reshape2::melt-4,3135968680
31622,tidyr::gather-4,3253244680
31622,data.table::melt-4,47624840
31622,tidyr::pivot_longer-0,240444400
31622,nc::capture_melt_single-0,35864440
31622,reshape2::melt-4,3009183840
31622,tidyr::gather-4,3539107360
31622,tidyr::pivot_longer-0,196418320
31622,nc::capture_melt_single-4,49129520
31622,tidyfast::dt_pivot_longer-4,2732304240
31622,tidyr::gather-4,3211618880
31622,data.table::melt-4,47493560
31622,tidyr::gather-0,626716040
31622,data.table::melt-0,28995400
31622,tidyr::gather-0,854836840
31622,tidyfast::dt_pivot_longer-0,32830680
31622,tidyr::pivot_longer-0,196506800
31622,utils::stack-0,127604360
31622,tidyfast::dt_pivot_longer-0,32387920
31622,reshape2::melt-0,181987640
31622,nc::capture_melt_single-0,57284520
31622,nc::capture_melt_single-0,36032560
31622,nc::capture_melt_single-4,49020720
31622,tidyr::gather-0,569043560
31622,data.table::melt-4,320358640
31622,reshape2::melt-4,2899837280
31622,reshape2::melt-0,223918640
31622,reshape2::melt-4,2909365480
31622,tidyfast::dt_pivot_longer-4,2824719520
31622,utils::stack-0,77325120
31622,tidyr::pivot_longer-4,234261880
31622,nc::capture_melt_single-0,36019240
31622,reshape2::melt-4,3215314520
31622,nc::capture_melt_single-4,49229880
31622,tidyr::pivot_longer-4,238523240
31622,nc::capture_melt_single-0,36321360
31622,tidyfast::dt_pivot_longer-0,32385280
31622,utils::stack-0,103397240
100000,tidyfast::dt_pivot_longer-4,8791864840
100000,tidyfast::dt_pivot_longer-0,108952240
100000,tidyfast::dt_pivot_longer-0,105382400
100000,data.table::melt-4,159436320
100000,nc::capture_melt_single-4,222802040
100000,tidyr::gather-0,2679071880
100000,tidyr::pivot_longer-4,1195094440
100000,nc::capture_melt_single-0,107439960
100000,nc::capture_melt_single-0,116867400
100000,tidyr::gather-0,2330673840
100000,data.table::melt-0,109319080
100000,tidyr::pivot_longer-4,912433280
100000,tidyfast::dt_pivot_longer-4,8666181960
100000,reshape2::melt-4,9837894080
100000,reshape2::melt-0,1107169000
100000,tidyr::pivot_longer-0,767346160
100000,reshape2::melt-0,758666680
100000,tidyr::pivot_longer-4,759759560
100000,reshape2::melt-4,9475495360
100000,tidyr::pivot_longer-0,859277840
100000,data.table::melt-4,154382160
100000,data.table::melt-4,549563200
100000,tidyfast::dt_pivot_longer-0,102224240
100000,tidyfast::dt_pivot_longer-0,106375720
100000,tidyfast::dt_pivot_longer-0,101364640
100000,reshape2::melt-0,680914600
100000,tidyr::pivot_longer-0,784176200
100000,data.table::melt-4,193540680
100000,data.table::melt-0,93084800
100000,utils::stack-0,352659000
100000,reshape2::melt-0,626358160
100000,reshape2::melt-4,9317292800
100000,tidyr::gather-0,2410043840
100000,utils::stack-0,259705760
100000,tidyr::pivot_longer-4,1122066720
100000,data.table::melt-0,90811480
100000,tidyr::gather-0,1780497440
100000,nc::capture_melt_single-4,150278400
100000,nc::capture_melt_single-0,149014680
100000,reshape2::melt-4,9544487880
100000,tidyr::gather-4,10926093200
100000,tidyfast::dt_pivot_longer-0,102893400
100000,tidyfast::dt_pivot_longer-0,103105320
100000,nc::capture_melt_single-0,107723440
100000,nc::capture_melt_single-0,163492400
100000,tidyr::pivot_longer-0,722770800
100000,tidyr::gather-0,2366595920
100000,nc::capture_melt_single-0,108067840
100000,reshape2::melt-4,10178309120
100000,data.table::melt-4,518292520
100000,tidyr::pivot_longer-4,740362640
100000,data.table::melt-0,91252360
100000,data.table::melt-4,146859720
100000,tidyr::pivot_longer-4,808071440
100000,nc::capture_melt_single-4,153439040
100000,data.table::melt-4,208759120
100000,tidyr::gather-4,11261044160
100000,data.table::melt-4,148428720
100000,tidyr::gather-0,2234284360
100000,utils::stack-0,386085160
100000,tidyfast::dt_pivot_longer-0,102354600
100000,tidyr::pivot_longer-0,746596840
100000,tidyr::pivot_longer-4,811431640
100000,reshape2::melt-0,1017447680
100000,tidyr::pivot_longer-0,853015240
100000,reshape2::melt-4,10152888560
100000,data.table::melt-0,91191840
100000,reshape2::melt-4,10524258200
100000,nc::capture_melt_single-4,150073400
100000,tidyr::gather-4,11084080160
100000,nc::capture_melt_single-0,117291040
100000,tidyr::gather-4,10605360080
100000,data.table::melt-0,133175680
100000,tidyfast::dt_pivot_longer-4,8753010320
100000,tidyr::gather-4,10828320280
100000,tidyr::gather-4,10432590320
100000,reshape2::melt-4,10347436200
100000,tidyr::pivot_longer-0,718674000
100000,tidyfast::dt_pivot_longer-4,8741863920
100000,tidyfast::dt_pivot_longer-0,102217320
100000,reshape2::melt-0,1141857320
100000,data.table::melt-4,148452680
100000,utils::stack-0,261609440
100000,nc::capture_melt_single-4,149848760
100000,nc::capture_melt_single-0,108466960
100000,tidyr::gather-4,11285807080
100000,reshape2::melt-4,10233366840
100000,utils::stack-0,684992760
100000,data.table::melt-4,149401320
100000,utils::stack-0,259814720
100000,tidyr::pivot_longer-4,740909440
100000,nc::capture_melt_single-4,148104600
100000,tidyfast::dt_pivot_longer-4,8802871480
100000,tidyr::pivot_longer-4,753213720
100000,tidyfast::dt_pivot_longer-4,8731311080
100000,nc::capture_melt_single-4,151550240
100000,tidyfast::dt_pivot_longer-0,102163800
100000,utils::stack-0,354353600
100000,tidyr::gather-4,10538187520
100000,utils::stack-0,311826400
100000,tidyr::gather-0,2335323840
100000,reshape2::melt-0,586297760
100000,tidyr::gather-0,1737779520
100000,utils::stack-0,291990320
100000,reshape2::melt-0,1111927200
100000,utils::stack-0,265602000
100000,tidyfast::dt_pivot_longer-4,8788302320
100000,tidyr::pivot_longer-0,752336880
100000,tidyfast::dt_pivot_longer-4,8752458000
100000,reshape2::melt-0,585368520
100000,reshape2::melt-4,9346185400
100000,tidyr::pivot_longer-4,902033080
100000,reshape2::melt-0,588977400
100000,tidyfast::dt_pivot_longer-4,8779360400
100000,nc::capture_melt_single-4,222722360
100000,tidyr::gather-0,2344357560
100000,nc::capture_melt_single-4,149199320
100000,nc::capture_melt_single-0,108097760
100000,tidyr::pivot_longer-0,732866320
100000,tidyr::gather-0,1753640600
100000,data.table::melt-0,91296040
100000,tidyr::gather-4,10959995840
100000,data.table::melt-0,91187720
100000,tidyr::pivot_longer-0,719513520
100000,tidyr::gather-4,10418839440
100000,tidyfast::dt_pivot_longer-4,8747999120
100000,nc::capture_melt_single-0,165257600
100000,data.table::melt-0,91663000
100000,data.table::melt-0,95822040
100000,nc::capture_melt_single-4,310344800
