N.rep,data.type,N.col,expr,time
1,data.table,88,stats::reshape-4,103548000
1,data.table,88,cdata::unpivot_to_blocks-4,58840360
1,data.table,88,reshape2::melt-0,4560800
1,data.table,88,reshape2::melt-0,3681960
1,data.table,88,reshape2::melt-4,12798000
1,data.table,88,stats::reshape-0,84724760
1,data.table,88,cdata::unpivot_to_blocks-0,25444680
1,data.table,88,nc::capture_melt_single-0,6566440
1,data.table,88,reshape2::melt-4,12772160
1,data.table,88,cdata::unpivot_to_blocks-4,34226640
1,data.table,88,utils::stack-4,13803880
1,data.table,88,reshape2::melt-4,13487560
1,data.table,88,stats::reshape-4,79119480
1,data.table,88,reshape2::melt-4,12825960
1,data.table,88,cdata::unpivot_to_blocks-4,44770880
1,data.table,88,cdata::unpivot_to_blocks-0,25192400
1,data.table,88,tidyr::gather-0,15520120
1,data.table,88,tidyr::gather-0,13834600
1,data.table,88,reshape2::melt-0,3506360
1,data.table,88,reshape2::melt-4,12604880
1,data.table,88,tidyr::pivot_longer-4,25157240
1,data.table,88,nc::capture_melt_single-0,3433200
1,data.table,88,reshape2::melt-4,12729840
1,data.table,88,stats::reshape-0,68472760
1,data.table,88,utils::stack-4,12766160
1,data.table,88,nc::capture_melt_single-4,3954560
1,data.table,88,data.table::melt-4,2872080
1,data.table,88,tidyr::gather-4,27323000
1,data.table,88,stats::reshape-4,77657360
1,data.table,88,utils::stack-4,13330040
1,data.table,88,utils::stack-4,13318920
1,data.table,88,tidyr::pivot_longer-4,11128840
1,data.table,88,reshape2::melt-4,13989600
1,data.table,88,utils::stack-0,3383000
1,data.table,88,stats::reshape-4,81409400
1,data.table,88,cdata::unpivot_to_blocks-4,45286320
1,data.table,88,cdata::unpivot_to_blocks-4,34167000
1,data.table,88,tidyr::pivot_longer-4,11001440
1,data.table,88,cdata::unpivot_to_blocks-0,26254320
1,data.table,88,stats::reshape-4,77931400
1,data.table,88,tidyr::pivot_longer-4,11171080
1,data.table,88,tidyfast::dt_pivot_longer-4,33491840
1,data.table,88,data.table::melt-0,935640
1,data.table,88,tidyr::gather-4,16556880
1,data.table,88,tidyr::gather-4,16361360
1,data.table,88,stats::reshape-0,69241840
1,data.table,88,tidyfast::dt_pivot_longer-0,712560
1,data.table,88,cdata::unpivot_to_blocks-0,25939680
1,data.table,88,utils::stack-4,12750840
1,data.table,88,stats::reshape-4,91327800
1,data.table,88,data.table::melt-0,679280
1,data.table,88,tidyfast::dt_pivot_longer-4,22147760
1,data.table,88,data.table::melt-0,764840
1,data.table,88,nc::capture_melt_single-4,3926800
1,data.table,88,tidyr::gather-0,7133720
1,data.table,88,tidyfast::dt_pivot_longer-0,791920
1,data.table,88,utils::stack-0,3595960
1,data.table,88,tidyfast::dt_pivot_longer-0,750800
1,data.table,88,tidyr::pivot_longer-0,11801800
1,data.table,88,reshape2::melt-4,13341440
1,data.table,88,tidyfast::dt_pivot_longer-0,885360
1,data.table,88,nc::capture_melt_single-4,4525840
1,data.table,88,tidyr::gather-4,17902000
1,data.table,88,nc::capture_melt_single-0,3495320
1,data.table,88,tidyr::gather-0,7151840
1,data.table,88,data.table::melt-0,860840
1,data.table,88,tidyfast::dt_pivot_longer-0,658080
1,data.table,88,utils::stack-4,13232320
1,data.table,88,data.table::melt-0,730080
1,data.table,88,reshape2::melt-0,3545000
1,data.table,88,cdata::unpivot_to_blocks-0,26234680
1,data.table,88,stats::reshape-0,78509720
1,data.table,88,stats::reshape-4,79716200
1,data.table,88,data.table::melt-0,709880
1,data.table,88,data.table::melt-0,604160
1,data.table,88,reshape2::melt-0,3571040
1,data.table,88,stats::reshape-0,81333880
1,data.table,88,data.table::melt-4,2319520
1,data.table,88,tidyr::gather-4,16058840
1,data.table,88,tidyfast::dt_pivot_longer-4,22141080
1,data.table,88,nc::capture_melt_single-0,3389640
1,data.table,88,tidyfast::dt_pivot_longer-4,23765680
1,data.table,88,tidyr::pivot_longer-0,10733480
1,data.table,88,utils::stack-4,12948640
1,data.table,88,nc::capture_melt_single-4,4047720
1,data.table,88,tidyr::gather-0,7283280
1,data.table,88,utils::stack-4,13372600
1,data.table,88,tidyfast::dt_pivot_longer-4,22588720
1,data.table,88,stats::reshape-4,88489640
1,data.table,88,reshape2::melt-0,3637600
1,data.table,88,tidyr::pivot_longer-0,10401520
1,data.table,88,cdata::unpivot_to_blocks-4,35491640
1,data.table,88,data.table::melt-4,2381600
1,data.table,88,utils::stack-0,3237600
1,data.table,88,cdata::unpivot_to_blocks-4,34601480
1,data.table,88,data.table::melt-0,766600
1,data.table,88,stats::reshape-0,71798200
1,data.table,88,stats::reshape-0,93103960
1,data.table,88,tidyr::gather-0,7231240
1,data.table,88,tidyfast::dt_pivot_longer-0,711360
1,data.table,88,reshape2::melt-4,13222040
1,data.table,88,tidyr::pivot_longer-4,11035640
1,data.table,88,stats::reshape-4,80128800
1,data.table,88,tidyr::gather-0,7207000
1,data.table,88,utils::stack-4,13086720
1,data.table,88,tidyr::pivot_longer-0,10287640
1,data.table,88,utils::stack-4,12924920
1,data.table,88,utils::stack-0,14162600
1,data.table,88,nc::capture_melt_single-0,4217040
1,data.table,88,tidyfast::dt_pivot_longer-4,23479880
1,data.table,88,reshape2::melt-4,12483800
1,data.table,88,utils::stack-0,3311480
1,data.table,88,tidyr::gather-4,16100920
1,data.table,88,stats::reshape-0,69162440
1,data.table,88,tidyr::gather-0,7275680
1,data.table,88,tidyr::pivot_longer-0,10347200
1,data.table,88,cdata::unpivot_to_blocks-4,34965040
1,data.table,88,cdata::unpivot_to_blocks-0,38015480
1,data.table,88,cdata::unpivot_to_blocks-0,26002200
1,data.table,88,tidyr::pivot_longer-0,10413640
1,data.table,88,utils::stack-0,3205080
1,data.table,88,tidyr::gather-4,15871840
1,data.table,88,nc::capture_melt_single-0,3382520
1,data.table,88,data.table::melt-0,631120
1,data.table,88,nc::capture_melt_single-0,3163760
1,data.table,88,tidyr::gather-0,7091160
1,data.table,88,tidyfast::dt_pivot_longer-4,23936360
1,data.table,88,utils::stack-0,3737120
1,data.table,88,data.table::melt-4,2517880
1,data.table,88,reshape2::melt-0,4473160
1,data.table,88,tidyr::pivot_longer-0,10591080
1,data.table,88,tidyfast::dt_pivot_longer-0,702600
1,data.table,88,data.table::melt-4,2332760
1,data.table,88,utils::stack-0,3248400
1,data.table,88,utils::stack-0,3096240
1,data.table,88,tidyfast::dt_pivot_longer-4,22325280
1,data.table,88,tidyfast::dt_pivot_longer-0,748080
1,data.table,88,tidyr::pivot_longer-4,11007360
1,data.table,88,reshape2::melt-0,3609080
1,data.table,88,tidyr::gather-4,16842360
1,data.table,88,nc::capture_melt_single-0,3551240
1,data.table,88,tidyr::pivot_longer-4,24345200
1,data.table,88,cdata::unpivot_to_blocks-0,25753720
1,data.table,88,data.table::melt-4,2382600
1,data.table,88,nc::capture_melt_single-4,3903480
1,data.table,88,cdata::unpivot_to_blocks-4,34202600
1,data.table,88,nc::capture_melt_single-4,4044880
1,data.table,88,cdata::unpivot_to_blocks-0,26589120
1,data.table,88,cdata::unpivot_to_blocks-4,34835800
1,data.table,88,nc::capture_melt_single-4,4042880
1,data.table,88,tidyr::pivot_longer-0,10246960
1,data.table,88,nc::capture_melt_single-0,3417360
1,data.table,88,tidyr::gather-0,7157600
1,data.table,88,stats::reshape-4,88532280
1,data.table,88,data.table::melt-4,2351200
1,data.table,88,nc::capture_melt_single-4,3838640
1,data.table,88,nc::capture_melt_single-0,3210480
1,data.table,88,tidyr::pivot_longer-4,10891120
1,data.table,88,tidyr::gather-4,16375800
1,data.table,88,nc::capture_melt_single-4,4249040
1,data.table,88,tidyfast::dt_pivot_longer-0,641480
1,data.table,88,stats::reshape-0,67977240
1,data.table,88,utils::stack-0,3258840
1,data.table,88,tidyr::gather-4,16220120
1,data.table,88,tidyr::pivot_longer-4,11807120
1,data.table,88,data.table::melt-4,2355160
1,data.table,88,data.table::melt-4,2192320
1,data.table,88,tidyr::pivot_longer-0,21779680
1,data.table,88,nc::capture_melt_single-4,4193160
1,data.table,88,tidyfast::dt_pivot_longer-4,22049480
1,data.table,88,stats::reshape-0,70392840
1,data.table,88,tidyfast::dt_pivot_longer-4,22441200
1,data.table,88,reshape2::melt-0,3617640
1,data.table,88,tidyr::pivot_longer-0,10439760
1,data.table,88,tidyr::pivot_longer-4,10868960
1,data.table,88,cdata::unpivot_to_blocks-0,26759160
1,data.table,88,data.table::melt-4,2558400
1,data.table,88,tidyfast::dt_pivot_longer-0,776640
1,data.table,88,reshape2::melt-0,14293160
1,data.table,88,data.table::melt-0,920680
3,data.table,172,reshape2::melt-4,23832360
3,data.table,172,utils::stack-0,4825560
3,data.table,172,cdata::unpivot_to_blocks-4,48844520
3,data.table,172,data.table::melt-4,2780520
3,data.table,172,data.table::melt-4,2513440
3,data.table,172,utils::stack-0,5022160
3,data.table,172,nc::capture_melt_single-0,4130120
3,data.table,172,tidyfast::dt_pivot_longer-0,833880
3,data.table,172,tidyr::gather-4,28156000
3,data.table,172,stats::reshape-4,164076520
3,data.table,172,cdata::unpivot_to_blocks-4,48952560
3,data.table,172,cdata::unpivot_to_blocks-0,31538640
3,data.table,172,nc::capture_melt_single-0,4735680
3,data.table,172,stats::reshape-4,164231640
3,data.table,172,utils::stack-0,4673360
3,data.table,172,cdata::unpivot_to_blocks-0,31709200
3,data.table,172,data.table::melt-0,1052480
3,data.table,172,data.table::melt-4,2800160
3,data.table,172,reshape2::melt-0,6895640
3,data.table,172,tidyfast::dt_pivot_longer-0,994480
3,data.table,172,utils::stack-4,22661080
3,data.table,172,data.table::melt-0,898800
3,data.table,172,cdata::unpivot_to_blocks-0,31651880
3,data.table,172,tidyfast::dt_pivot_longer-4,40662720
3,data.table,172,stats::reshape-0,133809560
3,data.table,172,nc::capture_melt_single-4,4991520
3,data.table,172,cdata::unpivot_to_blocks-4,58835440
3,data.table,172,stats::reshape-0,138287640
3,data.table,172,nc::capture_melt_single-0,4161240
3,data.table,172,utils::stack-4,22469960
3,data.table,172,tidyr::pivot_longer-0,21501640
3,data.table,172,tidyr::pivot_longer-0,11721240
3,data.table,172,data.table::melt-0,966040
3,data.table,172,tidyr::pivot_longer-0,12138240
3,data.table,172,tidyr::gather-4,28567200
3,data.table,172,tidyr::pivot_longer-4,12432440
3,data.table,172,nc::capture_melt_single-4,4964240
3,data.table,172,stats::reshape-0,144202920
3,data.table,172,tidyr::gather-0,11002880
3,data.table,172,reshape2::melt-0,6754080
3,data.table,172,tidyfast::dt_pivot_longer-4,30925480
3,data.table,172,tidyr::gather-4,29067240
3,data.table,172,tidyr::gather-4,29120520
3,data.table,172,tidyr::gather-0,11308040
3,data.table,172,tidyr::pivot_longer-4,12799280
3,data.table,172,stats::reshape-4,162611720
3,data.table,172,tidyfast::dt_pivot_longer-4,31512880
3,data.table,172,data.table::melt-0,973880
3,data.table,172,reshape2::melt-4,24044960
3,data.table,172,data.table::melt-0,957880
3,data.table,172,stats::reshape-0,146093560
3,data.table,172,reshape2::melt-0,7026520
3,data.table,172,utils::stack-0,5103960
3,data.table,172,tidyr::pivot_longer-4,13112120
3,data.table,172,data.table::melt-4,2750160
3,data.table,172,cdata::unpivot_to_blocks-4,50891880
3,data.table,172,tidyr::pivot_longer-4,12993680
3,data.table,172,tidyfast::dt_pivot_longer-0,971800
3,data.table,172,nc::capture_melt_single-4,15452040
3,data.table,172,reshape2::melt-4,24549600
3,data.table,172,tidyr::gather-0,10863400
3,data.table,172,data.table::melt-0,938560
3,data.table,172,tidyr::pivot_longer-4,12436160
3,data.table,172,tidyfast::dt_pivot_longer-4,32621320
3,data.table,172,tidyfast::dt_pivot_longer-0,1140680
3,data.table,172,nc::capture_melt_single-4,5026280
3,data.table,172,reshape2::melt-0,6929120
3,data.table,172,tidyfast::dt_pivot_longer-4,31524880
3,data.table,172,data.table::melt-4,2787240
3,data.table,172,tidyfast::dt_pivot_longer-0,843600
3,data.table,172,data.table::melt-4,2535720
3,data.table,172,utils::stack-4,23206960
3,data.table,172,tidyr::pivot_longer-0,11640920
3,data.table,172,utils::stack-4,23039840
3,data.table,172,tidyr::gather-0,11339240
3,data.table,172,tidyr::gather-0,11590760
3,data.table,172,reshape2::melt-4,24463560
3,data.table,172,tidyr::gather-0,20268200
3,data.table,172,data.table::melt-4,2709840
3,data.table,172,reshape2::melt-0,6604600
3,data.table,172,tidyr::pivot_longer-0,11533280
3,data.table,172,utils::stack-4,22857480
3,data.table,172,tidyr::pivot_longer-0,11777400
3,data.table,172,tidyr::pivot_longer-4,12469400
3,data.table,172,stats::reshape-0,146730560
3,data.table,172,cdata::unpivot_to_blocks-0,31609440
3,data.table,172,reshape2::melt-4,24151080
3,data.table,172,utils::stack-0,4861080
3,data.table,172,reshape2::melt-4,23862880
3,data.table,172,cdata::unpivot_to_blocks-0,33995480
3,data.table,172,utils::stack-4,24046480
3,data.table,172,data.table::melt-0,959200
3,data.table,172,reshape2::melt-4,25267320
3,data.table,172,reshape2::melt-4,24820280
3,data.table,172,tidyr::gather-0,20183160
3,data.table,172,stats::reshape-4,155689520
3,data.table,172,utils::stack-4,22663080
3,data.table,172,reshape2::melt-0,6836400
3,data.table,172,data.table::melt-4,2855320
3,data.table,172,stats::reshape-4,164764040
3,data.table,172,tidyr::pivot_longer-0,11785560
3,data.table,172,tidyfast::dt_pivot_longer-0,917080
3,data.table,172,nc::capture_melt_single-4,5137760
3,data.table,172,tidyr::gather-4,29722880
3,data.table,172,nc::capture_melt_single-0,4672600
3,data.table,172,data.table::melt-0,864760
3,data.table,172,tidyfast::dt_pivot_longer-0,11090480
3,data.table,172,tidyr::gather-4,28643280
3,data.table,172,utils::stack-0,4912200
3,data.table,172,tidyr::gather-4,27814200
3,data.table,172,tidyfast::dt_pivot_longer-4,31092680
3,data.table,172,tidyfast::dt_pivot_longer-4,31929880
3,data.table,172,stats::reshape-4,172179640
3,data.table,172,tidyfast::dt_pivot_longer-4,31654480
3,data.table,172,utils::stack-4,23478800
3,data.table,172,utils::stack-0,4805600
3,data.table,172,reshape2::melt-0,6779720
3,data.table,172,cdata::unpivot_to_blocks-0,32228480
3,data.table,172,data.table::melt-4,2764360
3,data.table,172,utils::stack-4,23369680
3,data.table,172,cdata::unpivot_to_blocks-0,32167040
3,data.table,172,nc::capture_melt_single-0,4328720
3,data.table,172,nc::capture_melt_single-0,15605520
3,data.table,172,cdata::unpivot_to_blocks-0,34575600
3,data.table,172,tidyr::gather-4,27991920
3,data.table,172,nc::capture_melt_single-4,5049800
3,data.table,172,utils::stack-0,4794280
3,data.table,172,tidyfast::dt_pivot_longer-4,31783320
3,data.table,172,cdata::unpivot_to_blocks-4,50053320
3,data.table,172,cdata::unpivot_to_blocks-0,32230520
3,data.table,172,utils::stack-0,5021520
3,data.table,172,reshape2::melt-4,24713560
3,data.table,172,nc::capture_melt_single-0,4282000
3,data.table,172,nc::capture_melt_single-4,4886320
3,data.table,172,tidyr::pivot_longer-4,24748080
3,data.table,172,tidyr::pivot_longer-4,12652720
3,data.table,172,tidyr::pivot_longer-0,11359680
3,data.table,172,cdata::unpivot_to_blocks-4,50060320
3,data.table,172,nc::capture_melt_single-0,4369800
3,data.table,172,tidyr::gather-0,11262000
3,data.table,172,stats::reshape-4,164954040
3,data.table,172,tidyfast::dt_pivot_longer-4,31301200
3,data.table,172,tidyr::pivot_longer-4,12979960
3,data.table,172,data.table::melt-0,858360
3,data.table,172,nc::capture_melt_single-4,5041960
3,data.table,172,cdata::unpivot_to_blocks-4,50165240
3,data.table,172,stats::reshape-0,148688600
3,data.table,172,stats::reshape-4,164428360
3,data.table,172,tidyr::gather-0,10897320
3,data.table,172,tidyr::pivot_longer-0,12610240
3,data.table,172,data.table::melt-0,869880
3,data.table,172,stats::reshape-0,149282240
3,data.table,172,reshape2::melt-0,6693600
3,data.table,172,reshape2::melt-0,6751840
3,data.table,172,tidyr::gather-0,10984080
3,data.table,172,utils::stack-0,4921560
3,data.table,172,cdata::unpivot_to_blocks-4,49937960
3,data.table,172,cdata::unpivot_to_blocks-4,49035720
3,data.table,172,data.table::melt-4,2697240
3,data.table,172,stats::reshape-4,164350560
3,data.table,172,nc::capture_melt_single-4,5036960
3,data.table,172,cdata::unpivot_to_blocks-4,49317280
3,data.table,172,nc::capture_melt_single-0,15334320
3,data.table,172,stats::reshape-0,139072120
3,data.table,172,utils::stack-4,22319480
3,data.table,172,reshape2::melt-0,6796280
3,data.table,172,tidyfast::dt_pivot_longer-0,923920
3,data.table,172,stats::reshape-4,167412080
3,data.table,172,stats::reshape-0,149927000
3,data.table,172,tidyfast::dt_pivot_longer-0,965320
3,data.table,172,nc::capture_melt_single-4,5147000
3,data.table,172,tidyfast::dt_pivot_longer-0,880920
3,data.table,172,nc::capture_melt_single-0,4683480
3,data.table,172,tidyr::pivot_longer-0,11999760
3,data.table,172,reshape2::melt-4,25834960
3,data.table,172,cdata::unpivot_to_blocks-0,44096880
3,data.table,172,tidyr::gather-4,30338600
3,data.table,172,tidyr::gather-4,27909640
3,data.table,172,tidyr::pivot_longer-4,12554720
3,data.table,172,stats::reshape-0,152873880
10,data.table,466,tidyfast::dt_pivot_longer-4,62840600
10,data.table,466,tidyfast::dt_pivot_longer-4,60980600
10,data.table,466,tidyr::gather-0,24035560
10,data.table,466,utils::stack-0,10364160
10,data.table,466,utils::stack-4,57039200
10,data.table,466,data.table::melt-0,1507480
10,data.table,466,nc::capture_melt_single-0,7149720
10,data.table,466,tidyr::pivot_longer-0,16376120
10,data.table,466,nc::capture_melt_single-4,8658880
10,data.table,466,nc::capture_melt_single-0,7825640
10,data.table,466,tidyfast::dt_pivot_longer-0,1558360
10,data.table,466,tidyr::gather-0,26088720
10,data.table,466,tidyfast::dt_pivot_longer-4,69953240
10,data.table,466,nc::capture_melt_single-4,8340640
10,data.table,466,reshape2::melt-0,17709680
10,data.table,466,reshape2::melt-0,17845480
10,data.table,466,nc::capture_melt_single-4,8521320
10,data.table,466,utils::stack-0,10387040
10,data.table,466,stats::reshape-0,391603240
10,data.table,466,tidyfast::dt_pivot_longer-4,60916760
10,data.table,466,utils::stack-0,19950960
10,data.table,466,utils::stack-4,58255800
10,data.table,466,data.table::melt-0,1474880
10,data.table,466,reshape2::melt-0,17748120
10,data.table,466,tidyr::pivot_longer-4,17502960
10,data.table,466,cdata::unpivot_to_blocks-4,100734800
10,data.table,466,nc::capture_melt_single-4,8569200
10,data.table,466,cdata::unpivot_to_blocks-4,112146000
10,data.table,466,utils::stack-4,57666800
10,data.table,466,stats::reshape-0,396887360
10,data.table,466,cdata::unpivot_to_blocks-4,100651960
10,data.table,466,tidyr::pivot_longer-0,17161800
10,data.table,466,nc::capture_melt_single-4,8721880
10,data.table,466,utils::stack-4,57769520
10,data.table,466,tidyr::gather-0,34844520
10,data.table,466,tidyr::gather-4,70588000
10,data.table,466,cdata::unpivot_to_blocks-0,54101600
10,data.table,466,tidyr::gather-4,70624240
10,data.table,466,reshape2::melt-4,81333200
10,data.table,466,tidyr::pivot_longer-4,17517240
10,data.table,466,tidyr::pivot_longer-0,15602720
10,data.table,466,reshape2::melt-0,17798920
10,data.table,466,data.table::melt-4,3794440
10,data.table,466,data.table::melt-0,1297760
10,data.table,466,stats::reshape-4,443793760
10,data.table,466,cdata::unpivot_to_blocks-0,66060160
10,data.table,466,stats::reshape-4,443846040
10,data.table,466,tidyr::gather-0,24145600
10,data.table,466,data.table::melt-4,3847400
10,data.table,466,tidyr::gather-4,70589920
10,data.table,466,cdata::unpivot_to_blocks-4,114104800
10,data.table,466,tidyr::pivot_longer-4,17396160
10,data.table,466,tidyr::gather-0,23888520
10,data.table,466,tidyfast::dt_pivot_longer-4,60652600
10,data.table,466,nc::capture_melt_single-0,7169120
10,data.table,466,tidyr::gather-4,70782520
10,data.table,466,stats::reshape-0,412384440
10,data.table,466,tidyfast::dt_pivot_longer-0,1662840
10,data.table,466,utils::stack-4,57603360
10,data.table,466,nc::capture_melt_single-4,8858840
10,data.table,466,tidyr::gather-4,71282200
10,data.table,466,cdata::unpivot_to_blocks-0,55119320
10,data.table,466,nc::capture_melt_single-4,8870480
10,data.table,466,tidyr::gather-0,35708000
10,data.table,466,utils::stack-0,10324040
10,data.table,466,nc::capture_melt_single-4,8477480
10,data.table,466,tidyfast::dt_pivot_longer-0,1501160
10,data.table,466,reshape2::melt-4,66233280
10,data.table,466,tidyr::pivot_longer-0,16019800
10,data.table,466,data.table::melt-0,1511680
10,data.table,466,tidyr::gather-4,70540640
10,data.table,466,utils::stack-0,10597560
10,data.table,466,utils::stack-0,10419440
10,data.table,466,stats::reshape-4,462625520
10,data.table,466,cdata::unpivot_to_blocks-0,54658600
10,data.table,466,tidyfast::dt_pivot_longer-4,61561880
10,data.table,466,tidyr::pivot_longer-4,18141840
10,data.table,466,tidyfast::dt_pivot_longer-4,60708440
10,data.table,466,data.table::melt-0,1630120
10,data.table,466,cdata::unpivot_to_blocks-4,113067240
10,data.table,466,reshape2::melt-0,17908960
10,data.table,466,utils::stack-4,58581720
10,data.table,466,nc::capture_melt_single-4,8941760
10,data.table,466,tidyfast::dt_pivot_longer-0,1657120
10,data.table,466,stats::reshape-0,536617320
10,data.table,466,cdata::unpivot_to_blocks-4,112263480
10,data.table,466,tidyr::gather-0,23916440
10,data.table,466,data.table::melt-4,3830600
10,data.table,466,stats::reshape-4,439287320
10,data.table,466,nc::capture_melt_single-0,7390560
10,data.table,466,cdata::unpivot_to_blocks-4,111447800
10,data.table,466,reshape2::melt-4,64429680
10,data.table,466,tidyfast::dt_pivot_longer-4,60069440
10,data.table,466,tidyr::gather-4,69932760
10,data.table,466,tidyr::pivot_longer-0,15749560
10,data.table,466,reshape2::melt-0,18442600
10,data.table,466,reshape2::melt-4,75662800
10,data.table,466,nc::capture_melt_single-0,7111840
10,data.table,466,tidyr::pivot_longer-0,15718600
10,data.table,466,tidyr::pivot_longer-0,15699760
10,data.table,466,cdata::unpivot_to_blocks-4,101417400
10,data.table,466,cdata::unpivot_to_blocks-4,102156920
10,data.table,466,cdata::unpivot_to_blocks-0,71794520
10,data.table,466,nc::capture_melt_single-4,8690640
10,data.table,466,tidyfast::dt_pivot_longer-0,1497320
10,data.table,466,reshape2::melt-0,17747440
10,data.table,466,stats::reshape-4,442228680
10,data.table,466,cdata::unpivot_to_blocks-0,65731240
10,data.table,466,tidyr::gather-4,71898960
10,data.table,466,stats::reshape-4,440753360
10,data.table,466,utils::stack-4,58618840
10,data.table,466,nc::capture_melt_single-0,7180080
10,data.table,466,utils::stack-4,59968200
10,data.table,466,utils::stack-0,10439760
10,data.table,466,tidyr::pivot_longer-4,29568200
10,data.table,466,utils::stack-4,57889160
10,data.table,466,tidyr::gather-0,25713680
10,data.table,466,stats::reshape-4,453018200
10,data.table,466,tidyr::gather-0,25173640
10,data.table,466,stats::reshape-0,407834200
10,data.table,466,data.table::melt-0,1314480
10,data.table,466,data.table::melt-0,1246600
10,data.table,466,tidyfast::dt_pivot_longer-4,60820600
10,data.table,466,data.table::melt-4,3753000
10,data.table,466,nc::capture_melt_single-0,7313320
10,data.table,466,tidyfast::dt_pivot_longer-0,1796920
10,data.table,466,stats::reshape-0,401780560
10,data.table,466,data.table::melt-4,4257040
10,data.table,466,stats::reshape-0,556795120
10,data.table,466,tidyr::pivot_longer-4,17239080
10,data.table,466,data.table::melt-0,1392080
10,data.table,466,tidyfast::dt_pivot_longer-0,1505480
10,data.table,466,utils::stack-0,10059320
10,data.table,466,utils::stack-4,57422840
10,data.table,466,cdata::unpivot_to_blocks-0,54961080
10,data.table,466,reshape2::melt-0,28833080
10,data.table,466,tidyr::pivot_longer-4,17664800
10,data.table,466,tidyfast::dt_pivot_longer-4,59409600
10,data.table,466,tidyr::pivot_longer-0,16006000
10,data.table,466,reshape2::melt-4,64621320
10,data.table,466,data.table::melt-4,3746520
10,data.table,466,stats::reshape-4,439414840
10,data.table,466,stats::reshape-4,449422120
10,data.table,466,data.table::melt-0,1355880
10,data.table,466,utils::stack-0,10062440
10,data.table,466,reshape2::melt-4,64289880
10,data.table,466,tidyr::pivot_longer-0,15630880
10,data.table,466,reshape2::melt-4,64511920
10,data.table,466,tidyr::pivot_longer-4,17466080
10,data.table,466,cdata::unpivot_to_blocks-4,128208960
10,data.table,466,reshape2::melt-4,67649000
10,data.table,466,nc::capture_melt_single-0,7125920
10,data.table,466,tidyr::gather-4,69827080
10,data.table,466,nc::capture_melt_single-0,7295280
10,data.table,466,utils::stack-0,10135440
10,data.table,466,tidyr::gather-0,24472080
10,data.table,466,tidyfast::dt_pivot_longer-0,1677440
10,data.table,466,cdata::unpivot_to_blocks-0,66981240
10,data.table,466,reshape2::melt-0,17964680
10,data.table,466,reshape2::melt-0,17726600
10,data.table,466,tidyr::gather-4,70312040
10,data.table,466,tidyfast::dt_pivot_longer-0,1595600
10,data.table,466,tidyr::pivot_longer-0,16967560
10,data.table,466,data.table::melt-4,3771520
10,data.table,466,reshape2::melt-4,69456800
10,data.table,466,data.table::melt-4,3784560
10,data.table,466,data.table::melt-4,3535240
10,data.table,466,stats::reshape-0,403704600
10,data.table,466,data.table::melt-4,3688680
10,data.table,466,cdata::unpivot_to_blocks-0,55084760
10,data.table,466,reshape2::melt-4,64465560
10,data.table,466,tidyr::pivot_longer-4,17792760
10,data.table,466,data.table::melt-0,1423520
10,data.table,466,tidyfast::dt_pivot_longer-0,1510680
10,data.table,466,stats::reshape-0,408393080
10,data.table,466,stats::reshape-0,393042520
10,data.table,466,stats::reshape-4,441315520
10,data.table,466,nc::capture_melt_single-0,7378760
10,data.table,466,cdata::unpivot_to_blocks-0,65933520
10,data.table,466,tidyr::pivot_longer-4,17936280
31,data.table,1348,utils::stack-0,26403200
31,data.table,1348,nc::capture_melt_single-4,19108280
31,data.table,1348,cdata::unpivot_to_blocks-4,279179000
31,data.table,1348,cdata::unpivot_to_blocks-4,265172440
31,data.table,1348,tidyr::pivot_longer-4,32834720
31,data.table,1348,stats::reshape-0,1199268120
31,data.table,1348,tidyr::gather-4,217793760
31,data.table,1348,tidyfast::dt_pivot_longer-0,3655240
31,data.table,1348,data.table::melt-4,6858040
31,data.table,1348,utils::stack-4,169212400
31,data.table,1348,stats::reshape-4,1338716800
31,data.table,1348,reshape2::melt-4,199864000
31,data.table,1348,tidyr::gather-0,74641920
31,data.table,1348,tidyr::pivot_longer-4,33118880
31,data.table,1348,stats::reshape-0,1224997200
31,data.table,1348,stats::reshape-4,1593280840
31,data.table,1348,tidyr::gather-4,212325040
31,data.table,1348,tidyr::gather-0,64392200
31,data.table,1348,tidyr::pivot_longer-4,32920600
31,data.table,1348,reshape2::melt-4,201648960
31,data.table,1348,reshape2::melt-0,51175400
31,data.table,1348,nc::capture_melt_single-4,19370480
31,data.table,1348,tidyr::gather-0,74238080
31,data.table,1348,cdata::unpivot_to_blocks-0,157027920
31,data.table,1348,data.table::melt-4,12200480
31,data.table,1348,data.table::melt-4,9651400
31,data.table,1348,nc::capture_melt_single-0,26215000
31,data.table,1348,tidyr::pivot_longer-0,33142040
31,data.table,1348,stats::reshape-4,1379902760
31,data.table,1348,tidyfast::dt_pivot_longer-0,3670400
31,data.table,1348,cdata::unpivot_to_blocks-0,144827840
31,data.table,1348,nc::capture_melt_single-0,17098880
31,data.table,1348,tidyr::pivot_longer-4,32969200
31,data.table,1348,stats::reshape-0,1232985520
31,data.table,1348,utils::stack-0,27353520
31,data.table,1348,utils::stack-0,28001000
31,data.table,1348,data.table::melt-0,3191720
31,data.table,1348,tidyr::pivot_longer-0,29345760
31,data.table,1348,tidyr::pivot_longer-4,33027120
31,data.table,1348,tidyfast::dt_pivot_longer-4,179698280
31,data.table,1348,data.table::melt-0,3075440
31,data.table,1348,nc::capture_melt_single-0,16517120
31,data.table,1348,tidyfast::dt_pivot_longer-0,3660360
31,data.table,1348,nc::capture_melt_single-0,17329680
31,data.table,1348,tidyr::pivot_longer-4,34512360
31,data.table,1348,tidyr::pivot_longer-0,29007960
31,data.table,1348,utils::stack-4,165981120
31,data.table,1348,reshape2::melt-0,67969920
31,data.table,1348,data.table::melt-4,7012200
31,data.table,1348,reshape2::melt-0,63888280
31,data.table,1348,utils::stack-4,165259800
31,data.table,1348,reshape2::melt-4,189576960
31,data.table,1348,nc::capture_melt_single-4,20102240
31,data.table,1348,utils::stack-4,176956120
31,data.table,1348,tidyfast::dt_pivot_longer-4,163267880
31,data.table,1348,tidyr::pivot_longer-4,34323600
31,data.table,1348,tidyfast::dt_pivot_longer-0,4083040
31,data.table,1348,cdata::unpivot_to_blocks-0,147456360
31,data.table,1348,nc::capture_melt_single-4,19773160
31,data.table,1348,utils::stack-0,26493920
31,data.table,1348,data.table::melt-0,2994800
31,data.table,1348,tidyfast::dt_pivot_longer-0,3765480
31,data.table,1348,tidyr::gather-4,212192640
31,data.table,1348,utils::stack-0,26554160
31,data.table,1348,stats::reshape-0,1384022560
31,data.table,1348,tidyfast::dt_pivot_longer-4,156622040
31,data.table,1348,tidyfast::dt_pivot_longer-0,3649720
31,data.table,1348,cdata::unpivot_to_blocks-4,270994360
31,data.table,1348,stats::reshape-0,1166266960
31,data.table,1348,cdata::unpivot_to_blocks-0,148153640
31,data.table,1348,tidyr::gather-4,198597400
31,data.table,1348,tidyr::gather-4,198917520
31,data.table,1348,utils::stack-4,163239880
31,data.table,1348,stats::reshape-0,1224127400
31,data.table,1348,tidyr::gather-4,209281640
31,data.table,1348,tidyfast::dt_pivot_longer-0,4292560
31,data.table,1348,tidyr::gather-4,211469160
31,data.table,1348,reshape2::melt-0,67212680
31,data.table,1348,cdata::unpivot_to_blocks-0,131969520
31,data.table,1348,data.table::melt-4,7481760
31,data.table,1348,tidyr::gather-4,213365080
31,data.table,1348,nc::capture_melt_single-4,20799440
31,data.table,1348,cdata::unpivot_to_blocks-4,267030320
31,data.table,1348,stats::reshape-4,1316892320
31,data.table,1348,nc::capture_melt_single-0,17644000
31,data.table,1348,tidyr::gather-0,81911960
31,data.table,1348,tidyr::gather-4,199081440
31,data.table,1348,stats::reshape-4,1335481680
31,data.table,1348,reshape2::melt-0,84627600
31,data.table,1348,stats::reshape-4,1450235680
31,data.table,1348,reshape2::melt-4,186010560
31,data.table,1348,cdata::unpivot_to_blocks-0,133388080
31,data.table,1348,reshape2::melt-0,65649440
31,data.table,1348,stats::reshape-4,1295935720
31,data.table,1348,tidyr::pivot_longer-0,29507640
31,data.table,1348,cdata::unpivot_to_blocks-0,131842560
31,data.table,1348,tidyfast::dt_pivot_longer-4,151983440
31,data.table,1348,nc::capture_melt_single-4,20206440
31,data.table,1348,stats::reshape-0,1304055880
31,data.table,1348,utils::stack-0,39831080
31,data.table,1348,data.table::melt-0,3025000
31,data.table,1348,cdata::unpivot_to_blocks-4,267333760
31,data.table,1348,tidyr::gather-4,198224520
31,data.table,1348,cdata::unpivot_to_blocks-4,281150600
31,data.table,1348,stats::reshape-4,1273723760
31,data.table,1348,utils::stack-0,26270320
31,data.table,1348,reshape2::melt-4,187566720
31,data.table,1348,reshape2::melt-4,201686920
31,data.table,1348,tidyfast::dt_pivot_longer-4,152446360
31,data.table,1348,utils::stack-4,164311800
31,data.table,1348,utils::stack-4,163835600
31,data.table,1348,stats::reshape-0,1142275040
31,data.table,1348,nc::capture_melt_single-0,16487920
31,data.table,1348,tidyr::pivot_longer-0,28847880
31,data.table,1348,reshape2::melt-0,67257800
31,data.table,1348,reshape2::melt-4,187961600
31,data.table,1348,data.table::melt-4,7086160
31,data.table,1348,tidyr::gather-0,63738720
31,data.table,1348,tidyr::pivot_longer-0,42025040
31,data.table,1348,tidyfast::dt_pivot_longer-4,151037640
31,data.table,1348,tidyr::pivot_longer-0,28464640
31,data.table,1348,cdata::unpivot_to_blocks-0,130897560
31,data.table,1348,tidyr::pivot_longer-4,33019400
31,data.table,1348,cdata::unpivot_to_blocks-0,145710680
31,data.table,1348,tidyfast::dt_pivot_longer-0,3876560
31,data.table,1348,utils::stack-0,26211760
31,data.table,1348,data.table::melt-0,3063240
31,data.table,1348,stats::reshape-4,1324883080
31,data.table,1348,data.table::melt-4,6923920
31,data.table,1348,utils::stack-0,44577240
31,data.table,1348,tidyr::pivot_longer-4,34787720
31,data.table,1348,nc::capture_melt_single-4,19906760
31,data.table,1348,tidyr::pivot_longer-4,32834200
31,data.table,1348,cdata::unpivot_to_blocks-4,268994640
31,data.table,1348,nc::capture_melt_single-0,17457600
31,data.table,1348,reshape2::melt-4,207773280
31,data.table,1348,tidyr::gather-0,63754960
31,data.table,1348,tidyfast::dt_pivot_longer-4,151788400
31,data.table,1348,tidyfast::dt_pivot_longer-0,3928320
31,data.table,1348,data.table::melt-4,7761800
31,data.table,1348,tidyr::gather-0,64683480
31,data.table,1348,data.table::melt-0,3435680
31,data.table,1348,tidyr::gather-0,81871440
31,data.table,1348,cdata::unpivot_to_blocks-4,266628520
31,data.table,1348,nc::capture_melt_single-0,16965000
31,data.table,1348,utils::stack-4,164426760
31,data.table,1348,tidyr::pivot_longer-0,47023920
31,data.table,1348,utils::stack-4,165419920
31,data.table,1348,tidyr::gather-0,63853680
31,data.table,1348,tidyfast::dt_pivot_longer-4,150442440
31,data.table,1348,data.table::melt-0,3428000
31,data.table,1348,data.table::melt-4,7746320
31,data.table,1348,reshape2::melt-0,52293000
31,data.table,1348,cdata::unpivot_to_blocks-4,284645520
31,data.table,1348,reshape2::melt-0,51732240
31,data.table,1348,tidyr::pivot_longer-0,29460440
31,data.table,1348,stats::reshape-0,1194319600
31,data.table,1348,nc::capture_melt_single-4,20256400
31,data.table,1348,stats::reshape-4,1331572080
31,data.table,1348,data.table::melt-0,3028600
31,data.table,1348,reshape2::melt-4,187119080
31,data.table,1348,reshape2::melt-4,204619480
31,data.table,1348,data.table::melt-4,7483320
31,data.table,1348,tidyfast::dt_pivot_longer-0,4203120
31,data.table,1348,tidyr::gather-0,65630320
31,data.table,1348,utils::stack-0,26400640
31,data.table,1348,tidyr::pivot_longer-0,29077640
31,data.table,1348,tidyfast::dt_pivot_longer-4,150788200
31,data.table,1348,nc::capture_melt_single-0,16814080
31,data.table,1348,tidyfast::dt_pivot_longer-4,150286040
31,data.table,1348,cdata::unpivot_to_blocks-4,287664960
31,data.table,1348,nc::capture_melt_single-0,16788520
31,data.table,1348,data.table::melt-0,3006640
31,data.table,1348,nc::capture_melt_single-4,19610440
31,data.table,1348,stats::reshape-0,1360342880
31,data.table,1348,nc::capture_melt_single-4,20272960
31,data.table,1348,utils::stack-4,164100720
31,data.table,1348,cdata::unpivot_to_blocks-0,148638600
31,data.table,1348,reshape2::melt-0,50964400
31,data.table,1348,data.table::melt-0,3087760
100,data.table,4246,data.table::melt-0,8371000
100,data.table,4246,reshape2::melt-0,160161440
100,data.table,4246,utils::stack-4,519155400
100,data.table,4246,data.table::melt-4,17192440
100,data.table,4246,cdata::unpivot_to_blocks-0,489719640
100,data.table,4246,tidyr::pivot_longer-4,83820800
100,data.table,4246,cdata::unpivot_to_blocks-4,960260080
100,data.table,4246,utils::stack-4,512110280
100,data.table,4246,data.table::melt-4,17892480
100,data.table,4246,tidyr::pivot_longer-4,87605120
100,data.table,4246,cdata::unpivot_to_blocks-0,490417000
100,data.table,4246,tidyfast::dt_pivot_longer-0,23409280
100,data.table,4246,nc::capture_melt_single-4,57027520
100,data.table,4246,tidyfast::dt_pivot_longer-0,10723920
100,data.table,4246,cdata::unpivot_to_blocks-4,919937880
100,data.table,4246,data.table::melt-0,8727600
100,data.table,4246,tidyfast::dt_pivot_longer-0,10739840
100,data.table,4246,tidyr::gather-0,207074440
100,data.table,4246,reshape2::melt-4,604978160
100,data.table,4246,tidyr::gather-0,206804280
100,data.table,4246,reshape2::melt-0,175984520
100,data.table,4246,reshape2::melt-0,175094880
100,data.table,4246,tidyfast::dt_pivot_longer-4,451977480
100,data.table,4246,tidyr::pivot_longer-0,72121120
100,data.table,4246,utils::stack-0,94347800
100,data.table,4246,data.table::melt-0,8989840
100,data.table,4246,tidyr::pivot_longer-0,71341320
100,data.table,4246,utils::stack-4,515619680
100,data.table,4246,cdata::unpivot_to_blocks-4,928371240
100,data.table,4246,utils::stack-4,512686520
100,data.table,4246,tidyfast::dt_pivot_longer-4,447803960
100,data.table,4246,tidyr::pivot_longer-0,85067360
100,data.table,4246,tidyfast::dt_pivot_longer-4,452797720
100,data.table,4246,tidyr::gather-0,207986120
100,data.table,4246,tidyr::gather-4,637112720
100,data.table,4246,cdata::unpivot_to_blocks-0,486638880
100,data.table,4246,nc::capture_melt_single-4,58250840
100,data.table,4246,nc::capture_melt_single-0,51723280
100,data.table,4246,tidyfast::dt_pivot_longer-4,452850080
100,data.table,4246,tidyr::pivot_longer-0,88728640
100,data.table,4246,data.table::melt-4,18358800
100,data.table,4246,tidyr::gather-4,636294400
100,data.table,4246,reshape2::melt-4,608355920
100,data.table,4246,utils::stack-0,79639760
100,data.table,4246,tidyfast::dt_pivot_longer-4,449659560
100,data.table,4246,data.table::melt-4,18419240
100,data.table,4246,reshape2::melt-4,612405440
100,data.table,4246,nc::capture_melt_single-0,51206080
100,data.table,4246,nc::capture_melt_single-4,245525840
100,data.table,4246,cdata::unpivot_to_blocks-4,913930520
100,data.table,4246,tidyr::gather-4,652750880
100,data.table,4246,cdata::unpivot_to_blocks-0,491415840
100,data.table,4246,data.table::melt-4,17553160
100,data.table,4246,reshape2::melt-4,600243680
100,data.table,4246,utils::stack-0,79880440
100,data.table,4246,tidyr::gather-0,206915560
100,data.table,4246,tidyr::gather-4,627453600
100,data.table,4246,tidyr::pivot_longer-4,94770440
100,data.table,4246,cdata::unpivot_to_blocks-4,912571600
100,data.table,4246,data.table::melt-0,8323760
100,data.table,4246,data.table::melt-4,17421680
100,data.table,4246,tidyr::gather-4,635570440
100,data.table,4246,cdata::unpivot_to_blocks-0,481442080
100,data.table,4246,nc::capture_melt_single-0,50596760
100,data.table,4246,reshape2::melt-4,611747520
100,data.table,4246,tidyr::pivot_longer-4,96079960
100,data.table,4246,reshape2::melt-4,610971920
100,data.table,4246,utils::stack-4,516192520
100,data.table,4246,tidyfast::dt_pivot_longer-0,10640720
100,data.table,4246,tidyr::pivot_longer-0,71673680
100,data.table,4246,data.table::melt-0,8472240
100,data.table,4246,utils::stack-0,92948920
100,data.table,4246,data.table::melt-0,8312080
100,data.table,4246,tidyr::gather-0,205555040
100,data.table,4246,tidyr::pivot_longer-0,71178000
100,data.table,4246,nc::capture_melt_single-4,57436280
100,data.table,4246,nc::capture_melt_single-4,58201000
100,data.table,4246,reshape2::melt-0,177983120
100,data.table,4246,tidyr::pivot_longer-0,82375640
100,data.table,4246,data.table::melt-4,17872120
100,data.table,4246,tidyfast::dt_pivot_longer-0,10948680
100,data.table,4246,reshape2::melt-4,611595240
100,data.table,4246,cdata::unpivot_to_blocks-0,499019120
100,data.table,4246,reshape2::melt-0,174779120
100,data.table,4246,reshape2::melt-4,613373920
100,data.table,4246,tidyr::gather-4,633053840
100,data.table,4246,tidyr::gather-0,207849600
100,data.table,4246,tidyr::gather-4,654819800
100,data.table,4246,cdata::unpivot_to_blocks-4,920261520
100,data.table,4246,nc::capture_melt_single-0,50251120
100,data.table,4246,nc::capture_melt_single-4,58999520
100,data.table,4246,tidyr::pivot_longer-0,89417320
100,data.table,4246,cdata::unpivot_to_blocks-0,487075320
100,data.table,4246,tidyr::pivot_longer-0,71469440
100,data.table,4246,tidyr::pivot_longer-4,84447120
100,data.table,4246,tidyr::pivot_longer-4,83647640
100,data.table,4246,cdata::unpivot_to_blocks-4,930548200
100,data.table,4246,utils::stack-4,511269200
100,data.table,4246,utils::stack-0,94501480
100,data.table,4246,tidyfast::dt_pivot_longer-4,485072200
100,data.table,4246,nc::capture_melt_single-0,49288320
100,data.table,4246,tidyfast::dt_pivot_longer-4,490682080
100,data.table,4246,tidyr::gather-0,217107600
100,data.table,4246,tidyr::gather-0,209359520
100,data.table,4246,tidyfast::dt_pivot_longer-0,11226640
100,data.table,4246,data.table::melt-0,8474920
100,data.table,4246,utils::stack-0,110273680
100,data.table,4246,utils::stack-0,81766480
100,data.table,4246,tidyr::pivot_longer-4,86984040
100,data.table,4246,data.table::melt-0,8753800
100,data.table,4246,cdata::unpivot_to_blocks-0,629415800
100,data.table,4246,nc::capture_melt_single-4,67321240
100,data.table,4246,reshape2::melt-4,586411920
100,data.table,4246,tidyr::gather-4,631694600
100,data.table,4246,utils::stack-4,522296000
100,data.table,4246,cdata::unpivot_to_blocks-4,916783400
100,data.table,4246,data.table::melt-4,17267360
100,data.table,4246,cdata::unpivot_to_blocks-0,483632320
100,data.table,4246,cdata::unpivot_to_blocks-4,912708480
100,data.table,4246,tidyfast::dt_pivot_longer-0,10433040
100,data.table,4246,reshape2::melt-0,173143400
100,data.table,4246,cdata::unpivot_to_blocks-0,490125200
100,data.table,4246,utils::stack-4,508297520
100,data.table,4246,reshape2::melt-4,598283840
100,data.table,4246,utils::stack-0,79061480
100,data.table,4246,tidyfast::dt_pivot_longer-4,462015040
100,data.table,4246,reshape2::melt-0,161820800
100,data.table,4246,tidyfast::dt_pivot_longer-4,460800120
100,data.table,4246,nc::capture_melt_single-0,49366520
100,data.table,4246,data.table::melt-0,8543480
100,data.table,4246,utils::stack-0,77796960
100,data.table,4246,cdata::unpivot_to_blocks-4,914440720
100,data.table,4246,tidyr::gather-4,805539800
100,data.table,4246,tidyr::pivot_longer-0,81806240
100,data.table,4246,nc::capture_melt_single-0,49348920
100,data.table,4246,tidyfast::dt_pivot_longer-0,10547800
100,data.table,4246,tidyfast::dt_pivot_longer-0,10764760
100,data.table,4246,nc::capture_melt_single-4,57095360
100,data.table,4246,data.table::melt-4,17583800
100,data.table,4246,utils::stack-4,519347480
100,data.table,4246,data.table::melt-0,8419840
100,data.table,4246,tidyr::gather-0,213203480
100,data.table,4246,tidyr::gather-0,205805040
100,data.table,4246,nc::capture_melt_single-4,58720720
100,data.table,4246,utils::stack-0,91400080
100,data.table,4246,tidyfast::dt_pivot_longer-4,461015160
100,data.table,4246,nc::capture_melt_single-0,50843560
100,data.table,4246,utils::stack-4,526614400
100,data.table,4246,data.table::melt-4,17258800
100,data.table,4246,reshape2::melt-0,165269400
100,data.table,4246,tidyfast::dt_pivot_longer-0,10662720
100,data.table,4246,tidyr::gather-4,637182360
100,data.table,4246,tidyr::pivot_longer-4,94451640
100,data.table,4246,nc::capture_melt_single-0,49582080
100,data.table,4246,nc::capture_melt_single-4,56734360
100,data.table,4246,tidyr::pivot_longer-4,83301200
100,data.table,4246,nc::capture_melt_single-0,49993760
100,data.table,4246,reshape2::melt-0,177865480
100,data.table,4246,tidyr::pivot_longer-4,93048880
100,data.table,4246,reshape2::melt-0,161921880
316,data.table,13318,tidyr::pivot_longer-0,219975280
316,data.table,13318,data.table::melt-0,27919640
316,data.table,13318,tidyfast::dt_pivot_longer-4,1405105760
316,data.table,13318,utils::stack-4,1653603240
316,data.table,13318,nc::capture_melt_single-4,193612200
316,data.table,13318,tidyr::gather-0,672413400
316,data.table,13318,tidyr::gather-4,2010334600
316,data.table,13318,reshape2::melt-4,1921736200
316,data.table,13318,utils::stack-4,1637527480
316,data.table,13318,cdata::unpivot_to_blocks-4,4542992680
316,data.table,13318,tidyr::gather-4,2019754600
316,data.table,13318,utils::stack-4,1628225960
316,data.table,13318,tidyr::gather-4,2075637320
316,data.table,13318,utils::stack-4,1653062640
316,data.table,13318,tidyfast::dt_pivot_longer-0,39581840
316,data.table,13318,tidyr::pivot_longer-4,453688240
316,data.table,13318,reshape2::melt-4,1939557800
316,data.table,13318,tidyr::pivot_longer-0,234321440
316,data.table,13318,tidyfast::dt_pivot_longer-0,39314800
316,data.table,13318,tidyr::pivot_longer-0,234574400
316,data.table,13318,tidyr::pivot_longer-4,253668760
316,data.table,13318,tidyr::gather-4,2224642960
316,data.table,13318,utils::stack-0,264051840
316,data.table,13318,tidyfast::dt_pivot_longer-0,37035400
316,data.table,13318,reshape2::melt-4,1912188040
316,data.table,13318,data.table::melt-0,28422560
316,data.table,13318,utils::stack-4,1656104360
316,data.table,13318,cdata::unpivot_to_blocks-0,3364453040
316,data.table,13318,tidyr::gather-0,649859600
316,data.table,13318,data.table::melt-0,27727200
316,data.table,13318,tidyr::pivot_longer-0,232970760
316,data.table,13318,utils::stack-0,279307200
316,data.table,13318,utils::stack-0,268508720
316,data.table,13318,tidyr::gather-0,674894680
316,data.table,13318,nc::capture_melt_single-4,208925200
316,data.table,13318,cdata::unpivot_to_blocks-4,4736557240
316,data.table,13318,nc::capture_melt_single-0,171617640
316,data.table,13318,tidyfast::dt_pivot_longer-4,1407092880
316,data.table,13318,reshape2::melt-4,2000562920
316,data.table,13318,nc::capture_melt_single-4,196844880
316,data.table,13318,tidyfast::dt_pivot_longer-0,40665480
316,data.table,13318,reshape2::melt-4,2142376640
316,data.table,13318,data.table::melt-4,54194080
316,data.table,13318,tidyr::pivot_longer-0,236179480
316,data.table,13318,nc::capture_melt_single-0,170843560
316,data.table,13318,data.table::melt-4,52462000
316,data.table,13318,tidyr::pivot_longer-4,275251800
316,data.table,13318,data.table::melt-0,27538400
316,data.table,13318,tidyfast::dt_pivot_longer-4,1398654560
316,data.table,13318,tidyfast::dt_pivot_longer-0,37751080
316,data.table,13318,utils::stack-4,1685080360
316,data.table,13318,tidyfast::dt_pivot_longer-4,1402663880
316,data.table,13318,data.table::melt-4,56203640
316,data.table,13318,reshape2::melt-4,2122445160
316,data.table,13318,tidyr::gather-0,936245760
316,data.table,13318,utils::stack-4,1629240760
316,data.table,13318,tidyr::gather-0,664387960
316,data.table,13318,utils::stack-4,1639406760
316,data.table,13318,tidyfast::dt_pivot_longer-4,1396226560
316,data.table,13318,nc::capture_melt_single-0,190525680
316,data.table,13318,cdata::unpivot_to_blocks-4,4622637760
316,data.table,13318,tidyr::pivot_longer-4,272941480
316,data.table,13318,tidyfast::dt_pivot_longer-4,1409248160
316,data.table,13318,tidyfast::dt_pivot_longer-4,1403495120
316,data.table,13318,tidyr::pivot_longer-4,283613200
316,data.table,13318,tidyr::pivot_longer-0,427667520
316,data.table,13318,tidyr::gather-0,663615760
316,data.table,13318,nc::capture_melt_single-0,181083640
316,data.table,13318,tidyr::gather-0,661174800
316,data.table,13318,data.table::melt-4,55323760
316,data.table,13318,reshape2::melt-0,583965200
316,data.table,13318,nc::capture_melt_single-4,193467200
316,data.table,13318,cdata::unpivot_to_blocks-4,4706916400
316,data.table,13318,tidyfast::dt_pivot_longer-4,1404787520
316,data.table,13318,reshape2::melt-0,775157880
316,data.table,13318,nc::capture_melt_single-0,169546920
316,data.table,13318,cdata::unpivot_to_blocks-4,4688037120
316,data.table,13318,utils::stack-0,286133240
316,data.table,13318,utils::stack-0,268515000
316,data.table,13318,nc::capture_melt_single-4,208687120
316,data.table,13318,tidyr::pivot_longer-4,278383480
316,data.table,13318,reshape2::melt-0,784213240
316,data.table,13318,cdata::unpivot_to_blocks-0,3284399840
316,data.table,13318,tidyr::pivot_longer-0,239858960
316,data.table,13318,cdata::unpivot_to_blocks-0,3190060680
316,data.table,13318,reshape2::melt-0,571488040
316,data.table,13318,cdata::unpivot_to_blocks-0,3165448000
316,data.table,13318,tidyr::gather-4,2045603560
316,data.table,13318,tidyr::pivot_longer-4,263029040
316,data.table,13318,reshape2::melt-0,799753680
316,data.table,13318,cdata::unpivot_to_blocks-4,4565374240
316,data.table,13318,tidyfast::dt_pivot_longer-0,36885760
316,data.table,13318,utils::stack-4,1648151680
316,data.table,13318,data.table::melt-0,27654680
316,data.table,13318,cdata::unpivot_to_blocks-0,3366798160
316,data.table,13318,reshape2::melt-0,542916240
316,data.table,13318,tidyr::pivot_longer-0,229233600
316,data.table,13318,data.table::melt-0,27519680
316,data.table,13318,cdata::unpivot_to_blocks-0,3160702760
316,data.table,13318,tidyfast::dt_pivot_longer-0,36859280
316,data.table,13318,tidyr::pivot_longer-4,255652240
316,data.table,13318,utils::stack-0,286464440
316,data.table,13318,tidyr::gather-4,2029264400
316,data.table,13318,tidyfast::dt_pivot_longer-4,1404567720
316,data.table,13318,nc::capture_melt_single-0,191522800
316,data.table,13318,tidyr::gather-0,884584280
316,data.table,13318,data.table::melt-0,27876120
316,data.table,13318,tidyr::gather-4,1989566120
316,data.table,13318,nc::capture_melt_single-4,204598480
316,data.table,13318,nc::capture_melt_single-0,166336480
316,data.table,13318,cdata::unpivot_to_blocks-0,3177768520
316,data.table,13318,data.table::melt-4,56954400
316,data.table,13318,utils::stack-0,288524480
316,data.table,13318,data.table::melt-0,27406680
316,data.table,13318,reshape2::melt-4,1923380920
316,data.table,13318,utils::stack-0,279205800
316,data.table,13318,tidyr::pivot_longer-0,228743960
316,data.table,13318,tidyfast::dt_pivot_longer-0,38941680
316,data.table,13318,nc::capture_melt_single-0,169140480
316,data.table,13318,data.table::melt-4,56658360
316,data.table,13318,tidyr::gather-4,2089760800
316,data.table,13318,reshape2::melt-0,772168040
316,data.table,13318,utils::stack-0,275287040
316,data.table,13318,cdata::unpivot_to_blocks-4,4674319480
316,data.table,13318,reshape2::melt-4,1923568840
316,data.table,13318,tidyr::gather-4,2036063040
316,data.table,13318,nc::capture_melt_single-4,211031720
316,data.table,13318,cdata::unpivot_to_blocks-4,4555291640
316,data.table,13318,cdata::unpivot_to_blocks-4,4621179040
316,data.table,13318,cdata::unpivot_to_blocks-0,3151597600
316,data.table,13318,nc::capture_melt_single-4,194160680
316,data.table,13318,tidyr::pivot_longer-4,282228080
316,data.table,13318,tidyfast::dt_pivot_longer-4,1409359920
316,data.table,13318,cdata::unpivot_to_blocks-4,4764373600
316,data.table,13318,reshape2::melt-4,1919678920
316,data.table,13318,nc::capture_melt_single-4,193583520
316,data.table,13318,data.table::melt-0,27411640
316,data.table,13318,tidyfast::dt_pivot_longer-0,37024280
316,data.table,13318,reshape2::melt-0,575805840
316,data.table,13318,utils::stack-0,281625160
316,data.table,13318,tidyr::pivot_longer-4,266973320
316,data.table,13318,reshape2::melt-4,2132580680
316,data.table,13318,data.table::melt-4,52205280
316,data.table,13318,reshape2::melt-0,542855760
316,data.table,13318,nc::capture_melt_single-4,238418200
316,data.table,13318,nc::capture_melt_single-0,168563480
316,data.table,13318,data.table::melt-4,52614520
316,data.table,13318,data.table::melt-4,53643160
316,data.table,13318,tidyr::pivot_longer-0,238734840
316,data.table,13318,reshape2::melt-0,554759000
316,data.table,13318,data.table::melt-0,27622640
316,data.table,13318,nc::capture_melt_single-0,164917640
316,data.table,13318,cdata::unpivot_to_blocks-0,3228989840
316,data.table,13318,tidyr::gather-0,706325040
316,data.table,13318,utils::stack-4,1696285680
316,data.table,13318,tidyr::gather-0,708650800
316,data.table,13318,data.table::melt-4,53096120
316,data.table,13318,tidyr::gather-4,2247230360
316,data.table,13318,cdata::unpivot_to_blocks-0,3112403320
316,data.table,13318,tidyfast::dt_pivot_longer-0,38135960
1000,data.table,42046,data.table::melt-4,185639920
1000,data.table,42046,nc::capture_melt_single-0,614173360
1000,data.table,42046,utils::stack-4,5293718000
1000,data.table,42046,nc::capture_melt_single-4,714711320
1000,data.table,42046,cdata::unpivot_to_blocks-4,48015432360
1000,data.table,42046,tidyr::gather-4,6855920040
1000,data.table,42046,nc::capture_melt_single-0,668957520
1000,data.table,42046,data.table::melt-0,122154680
1000,data.table,42046,data.table::melt-4,255752680
1000,data.table,42046,cdata::unpivot_to_blocks-4,55616589080
1000,data.table,42046,data.table::melt-0,109612560
1000,data.table,42046,tidyfast::dt_pivot_longer-0,203107440
1000,data.table,42046,nc::capture_melt_single-4,1080895920
1000,data.table,42046,nc::capture_melt_single-4,741060800
1000,data.table,42046,cdata::unpivot_to_blocks-0,55265379600
1000,data.table,42046,tidyr::gather-4,8477070480
1000,data.table,42046,nc::capture_melt_single-0,846976800
1000,data.table,42046,tidyr::pivot_longer-0,1179654880
1000,data.table,42046,reshape2::melt-4,8066406360
1000,data.table,42046,nc::capture_melt_single-4,1037810080
1000,data.table,42046,nc::capture_melt_single-4,1329526440
1000,data.table,42046,data.table::melt-4,270875200
1000,data.table,42046,tidyfast::dt_pivot_longer-0,218290800
1000,data.table,42046,cdata::unpivot_to_blocks-4,67967903320
1000,data.table,42046,tidyfast::dt_pivot_longer-0,203600320
1000,data.table,42046,tidyfast::dt_pivot_longer-4,6970817240
1000,data.table,42046,nc::capture_melt_single-4,972619720
1000,data.table,42046,tidyr::gather-0,2564746880
1000,data.table,42046,tidyr::pivot_longer-4,1523715080
1000,data.table,42046,nc::capture_melt_single-0,869276120
1000,data.table,42046,tidyfast::dt_pivot_longer-0,216594720
1000,data.table,42046,data.table::melt-4,230187840
1000,data.table,42046,utils::stack-0,1236628240
1000,data.table,42046,tidyfast::dt_pivot_longer-0,241566960
1000,data.table,42046,cdata::unpivot_to_blocks-0,47727191040
1000,data.table,42046,cdata::unpivot_to_blocks-4,85407453160
1000,data.table,42046,utils::stack-0,1757925280
1000,data.table,42046,tidyr::gather-4,12289097400
1000,data.table,42046,utils::stack-0,1290535360
1000,data.table,42046,reshape2::melt-4,9744094160
1000,data.table,42046,data.table::melt-0,160657160
1000,data.table,42046,reshape2::melt-4,9221638760
1000,data.table,42046,reshape2::melt-4,10728565720
1000,data.table,42046,reshape2::melt-0,3526626320
1000,data.table,42046,reshape2::melt-4,9869371720
1000,data.table,42046,tidyr::gather-0,3845932240
1000,data.table,42046,cdata::unpivot_to_blocks-0,67628749680
1000,data.table,42046,utils::stack-4,5556004160
1000,data.table,42046,tidyr::pivot_longer-0,1246168080
1000,data.table,42046,utils::stack-0,960316560
1000,data.table,42046,data.table::melt-4,182876280
1000,data.table,42046,cdata::unpivot_to_blocks-4,50935034720
1000,data.table,42046,reshape2::melt-0,2197113440
1000,data.table,42046,nc::capture_melt_single-0,770055280
1000,data.table,42046,tidyr::gather-0,2536941400
1000,data.table,42046,tidyr::pivot_longer-4,985578960
1000,data.table,42046,data.table::melt-0,108764080
1000,data.table,42046,tidyr::gather-4,6838181720
1000,data.table,42046,utils::stack-0,1275645760
1000,data.table,42046,tidyr::gather-4,6695361680
1000,data.table,42046,tidyfast::dt_pivot_longer-0,149990200
1000,data.table,42046,tidyr::pivot_longer-0,905344880
1000,data.table,42046,tidyfast::dt_pivot_longer-0,150368160
1000,data.table,42046,tidyr::pivot_longer-4,1032322480
1000,data.table,42046,tidyfast::dt_pivot_longer-4,4860504480
1000,data.table,42046,cdata::unpivot_to_blocks-0,43458733560
1000,data.table,42046,tidyr::gather-4,6606654680
1000,data.table,42046,reshape2::melt-0,1934105000
1000,data.table,42046,cdata::unpivot_to_blocks-0,42393088160
1000,data.table,42046,tidyr::pivot_longer-4,1140224400
1000,data.table,42046,nc::capture_melt_single-4,762924680
1000,data.table,42046,cdata::unpivot_to_blocks-0,45343192400
1000,data.table,42046,reshape2::melt-4,6211552240
1000,data.table,42046,tidyr::gather-0,2467903360
1000,data.table,42046,data.table::melt-0,111193200
1000,data.table,42046,data.table::melt-4,185057440
1000,data.table,42046,reshape2::melt-0,2027778720
1000,data.table,42046,tidyfast::dt_pivot_longer-0,153407360
1000,data.table,42046,tidyr::pivot_longer-4,1377923400
1000,data.table,42046,utils::stack-4,5340455560
1000,data.table,42046,utils::stack-4,5413280000
1000,data.table,42046,nc::capture_melt_single-0,683753760
1000,data.table,42046,data.table::melt-0,113469440
1000,data.table,42046,tidyr::pivot_longer-4,1350872320
1000,data.table,42046,tidyfast::dt_pivot_longer-4,4817558400
1000,data.table,42046,nc::capture_melt_single-4,707493560
1000,data.table,42046,reshape2::melt-4,6296997320
1000,data.table,42046,tidyr::gather-0,2681501480
1000,data.table,42046,reshape2::melt-0,1885406440
1000,data.table,42046,data.table::melt-0,109123600
1000,data.table,42046,cdata::unpivot_to_blocks-4,50650295360
1000,data.table,42046,nc::capture_melt_single-4,802140680
1000,data.table,42046,reshape2::melt-4,7211348080
1000,data.table,42046,data.table::melt-4,185012720
1000,data.table,42046,tidyfast::dt_pivot_longer-4,5225295880
1000,data.table,42046,utils::stack-0,1096950320
1000,data.table,42046,data.table::melt-0,111708440
1000,data.table,42046,tidyfast::dt_pivot_longer-0,172835360
1000,data.table,42046,tidyr::pivot_longer-0,1022707520
1000,data.table,42046,reshape2::melt-0,2205436480
1000,data.table,42046,cdata::unpivot_to_blocks-0,43930577360
1000,data.table,42046,data.table::melt-4,184936640
1000,data.table,42046,utils::stack-0,1353155760
1000,data.table,42046,tidyr::gather-0,2345152080
1000,data.table,42046,reshape2::melt-4,6320318000
1000,data.table,42046,tidyr::pivot_longer-0,935925800
1000,data.table,42046,reshape2::melt-0,2513833640
1000,data.table,42046,utils::stack-0,972177640
1000,data.table,42046,tidyr::gather-0,2679220520
1000,data.table,42046,utils::stack-0,957918360
1000,data.table,42046,utils::stack-0,1044735640
1000,data.table,42046,tidyfast::dt_pivot_longer-4,5440416280
1000,data.table,42046,cdata::unpivot_to_blocks-4,53488916280
1000,data.table,42046,tidyfast::dt_pivot_longer-4,5211271960
1000,data.table,42046,data.table::melt-0,128595200
1000,data.table,42046,utils::stack-4,8292180600
1000,data.table,42046,utils::stack-4,7435879280
1000,data.table,42046,nc::capture_melt_single-0,768104320
1000,data.table,42046,data.table::melt-4,224263840
1000,data.table,42046,tidyr::pivot_longer-4,1300077000
1000,data.table,42046,utils::stack-4,6843437320
1000,data.table,42046,cdata::unpivot_to_blocks-4,54181042400
1000,data.table,42046,cdata::unpivot_to_blocks-0,46833600680
1000,data.table,42046,cdata::unpivot_to_blocks-0,48304539720
1000,data.table,42046,tidyr::gather-4,8837052440
1000,data.table,42046,reshape2::melt-0,2101413440
1000,data.table,42046,reshape2::melt-0,2118013280
1000,data.table,42046,tidyfast::dt_pivot_longer-4,5430829160
1000,data.table,42046,tidyfast::dt_pivot_longer-0,157926240
1000,data.table,42046,reshape2::melt-4,7484109040
1000,data.table,42046,tidyr::gather-4,7934952560
1000,data.table,42046,nc::capture_melt_single-0,654097640
1000,data.table,42046,cdata::unpivot_to_blocks-0,44447547520
1000,data.table,42046,tidyr::pivot_longer-0,862918280
1000,data.table,42046,tidyr::gather-4,6846713120
1000,data.table,42046,tidyr::pivot_longer-0,872820680
1000,data.table,42046,nc::capture_melt_single-4,735710080
1000,data.table,42046,tidyr::pivot_longer-4,1070372880
1000,data.table,42046,tidyr::gather-0,2658750520
1000,data.table,42046,tidyr::pivot_longer-0,865458040
1000,data.table,42046,tidyr::gather-4,6750845680
1000,data.table,42046,utils::stack-4,5695470920
1000,data.table,42046,tidyr::gather-0,2525244240
1000,data.table,42046,cdata::unpivot_to_blocks-4,50739510520
1000,data.table,42046,tidyr::pivot_longer-4,1298301280
1000,data.table,42046,data.table::melt-4,186898600
1000,data.table,42046,tidyr::pivot_longer-0,1302383600
1000,data.table,42046,nc::capture_melt_single-0,721912600
1000,data.table,42046,data.table::melt-0,133988120
1000,data.table,42046,tidyr::gather-0,3082439920
1000,data.table,42046,tidyfast::dt_pivot_longer-4,5349085120
1000,data.table,42046,cdata::unpivot_to_blocks-4,51757411880
1000,data.table,42046,tidyfast::dt_pivot_longer-4,5281025600
1000,data.table,42046,tidyr::pivot_longer-0,1002456840
1000,data.table,42046,tidyfast::dt_pivot_longer-4,4909770920
1000,data.table,42046,reshape2::melt-0,2649942800
1000,data.table,42046,utils::stack-4,6254039240
1000,data.table,42046,utils::stack-4,6548254600
1000,data.table,42046,nc::capture_melt_single-0,699515920
1000,data.table,42046,tidyr::pivot_longer-4,1036071680
